file_id,workspace_id,channel_id,message_id,uploader_id,purpose,file_name,mime,size_bytes,url,pinned,deleted,replaced_from,created_at,updated_at
f_9d1eca13,default,learning-materials,meamyo2l3,"School Admin",media,Wortliste_A1.2.pdf,application/pdf,145841,/uploads/1768175009664-5c643b94f342b10d442b9f1c.pdf,0,0,,"2026-01-11 23:43:31","2026-01-11 23:43:31"
f_7e01e2a8,default,learning-materials,mxpd3wsjg,"School Admin",media,einburgerung.pdf,application/pdf,9036395,/uploads/1768175843087-aad3f5ac94377f14e4aacc4f.pdf,0,0,,"2026-01-11 23:57:24","2026-01-11 23:57:24"
f_36042409,default,learning-materials,m3m7rstnv,"School Admin",media,einburgerung.jpg,image/jpeg,13970,/uploads/1768176803097-965e2f3fd919f067a235c759.jpg,0,0,,"2026-01-12 00:13:24","2026-01-12 00:13:24"
f_eafadff,default,learning-materials,mrosahvkl,"School Admin",media,"1 Year Bachelor in LLB Transcript 2 Semester.pdf",application/pdf,864654,/uploads/1768176833993-aff8b0c6989ddd8d35e580f1.pdf,0,0,,"2026-01-12 00:13:55","2026-01-12 00:13:55"
f_5a1b86e6,default,learning-materials,mzhusawve,"School Admin",media,d50465D4F00F0DSWIN55.pdf,application/pdf,79657,/uploads/1768177084552-1ca511045970d1dc15e5af41.pdf,0,0,,"2026-01-12 00:18:06","2026-01-12 00:18:06"
f_c152bc79,default,learning-materials,mewf65z8r,"School Admin",media,"1 Year Bachelor in LLB Transcript 2 Semester.pdf",application/pdf,864654,/uploads/1768177202349-8477886aef2d79fc9531a2ca.pdf,0,0,,"2026-01-12 00:20:04","2026-01-12 00:20:04"
f_9ddb60d,default,learning-materials,mnnqm7sxj,"School Admin",media,"1 Year Bachelor in LLB Transcript 2 Semester.pdf",application/pdf,864654,/uploads/1768177228496-9ff5715fa0b8f97b8fc7d5dc.pdf,0,0,,"2026-01-12 00:20:29","2026-01-12 00:20:29"
f_f6d88add,default,learning-materials,mt9h1mw61,"School Admin",media,"1 Year Bachelor in LLB Transcript 2 Semester.pdf",application/pdf,864654,/uploads/1768177319823-136abe2ec8f02eb8bd6c89c4.pdf,0,0,,"2026-01-12 00:22:01","2026-01-12 00:22:01"
f_321758fa,default,learning-materials,mzlxm89rs,"School Admin",media,"1 Year Bachelor in LLB Transcript 2 Semester.pdf",application/pdf,864654,/uploads/1768177338377-dcf6308761619b44bf0a20de.pdf,0,0,,"2026-01-12 00:22:19","2026-01-12 00:22:19"
f_702a25b8,default,learning-materials,ml8ki5g5u,"School Admin",media,"1 Year Bachelor in LLB Transcript 2 Semester.pdf",application/pdf,864654,/uploads/1768177387319-0f9aee69cacbad7052450d81.pdf,0,0,,"2026-01-12 00:23:08","2026-01-12 00:23:08"
f_2d04af2d,default,learning-materials,mycehi6az,"School Admin",media,"1 Year Bachelor in LLB Transcript 2 Semester.pdf",application/pdf,864654,/uploads/1768177540213-5efaabdc97dc8ddcc42c033d.pdf,0,0,,"2026-01-12 00:25:41","2026-01-12 00:25:41"
f_ffddf9c1,default,learning-materials,m1wyys8ge,"School Admin",media,"Alle Bescheidtypen drucken_282797_RequestSubject_81077 (2).pdf",application/pdf,485681,/uploads/1768177678579-35e34277b497ecb927687e81.pdf,0,0,,"2026-01-12 00:28:01","2026-01-12 00:28:01"
f_88208828,default,learning-materials,m0ckqs2lu,"School Admin",media,"119376-F-1_20251214200518 (4).pdf",application/pdf,139332,/uploads/1768177773786-c6f7c80dd68d930958af3d17.pdf,0,0,,"2026-01-12 00:29:35","2026-01-12 00:29:35"
f_37425bed,default,learning-materials,mia8v362t,"School Admin",media,"Reflexive verb.pdf",application/pdf,60856,/uploads/1768178365379-6364c2489ce4869abb9d811f.pdf,0,0,,"2026-01-12 00:39:28","2026-01-12 00:39:28"
f_f5524f90,default,learning-materials,mmzkgzkry,"School Admin",media,"Reflexive verb.pdf",application/pdf,60856,/uploads/1768178465610-416b9044a34c58204965ddf0.pdf,0,0,,"2026-01-12 00:41:07","2026-01-12 00:41:07"
f_2199cf9c,default,learning-materials,mnbv4yx97,"School Admin",media,Wortliste_A1.1.pdf,application/pdf,118862,/uploads/1768178846719-3e89ab89ba8af2eaf24a328f.pdf,0,0,,"2026-01-12 00:47:27","2026-01-12 00:47:27"
f_602ac540,default,learning-materials,mfuabtfm6,"School Admin",media,"Verb With preposition.pdf",application/pdf,527107,/uploads/1768179127055-3be29a1fc87aa04538938042.pdf,0,0,,"2026-01-12 00:52:09","2026-01-12 00:52:09"
f_171055f1,default,learning-materials,mf7nqt6qo,"School Admin",media,Wortliste_A2.2.pdf,application/pdf,104508,/uploads/1768179204489-c857ceee42870768834265f1.pdf,0,0,,"2026-01-12 00:53:26","2026-01-12 00:53:26"
f_d2bc660f,default,learning-materials,me4mdha78,"School Admin",media,Wortliste_A2.2.pdf,application/pdf,104508,/uploads/1768179252210-fd37169532d7cef3ba2f23f7.pdf,0,0,,"2026-01-12 00:54:13","2026-01-12 00:54:13"
f_151d3766,default,learning-materials,m8px7sxb2,"School Admin",media,Wortliste_A1.1.pdf,application/pdf,118862,/uploads/1768179277138-0438efbdc254bf3d3ef4af15.pdf,0,0,,"2026-01-12 00:54:38","2026-01-12 00:54:38"
f_1d45e33e,default,learning-materials,mzprq6ebg,"School Admin",media,Wortliste_A1.2.pdf,application/pdf,145841,/uploads/1768179289371-d2286e9bc70806ed088240b7.pdf,0,0,,"2026-01-12 00:54:50","2026-01-12 00:54:50"
f_ff38fd5b,default,learning-materials,mmc2fsuoj,"School Admin",media,Wortliste_A1.2.pdf,application/pdf,145841,/uploads/1768179295995-ff3b062a8042627497e78d96.pdf,0,0,,"2026-01-12 00:55:00","2026-01-12 00:55:00"
f_2f3da7bb,default,learning-materials,m8anfbgzq,"School Admin",media,Wortliste_A2.2.pdf,application/pdf,104508,/uploads/1768179345023-4cd7418e9d4c223610dd9d2b.pdf,0,0,,"2026-01-12 00:55:45","2026-01-12 00:55:45"
f_73b152f4,default,listening-practice,mct3yqlfm,"School Admin",media,Wortliste_A2.2.pdf,application/pdf,104508,/uploads/1768179365482-914feb01026dc9ec47e44962.pdf,0,0,,"2026-01-12 00:56:06","2026-01-12 00:56:06"
f_c861cd0c,default,listening-practice,m6t8gnblg,"School Admin",media,"Reflexive verb.pdf",application/pdf,60856,/uploads/1768179838933-2860ddeebf5cfb1e354db9cf.pdf,0,0,,"2026-01-12 01:04:01","2026-01-12 01:04:01"
f_81917e18,default,listening-practice,mnl3mehss,"School Admin",media,"Verb With preposition.pdf",application/pdf,527107,/uploads/1768180019370-3bfe278dfac29fa5dec1906e.pdf,0,0,,"2026-01-12 01:07:00","2026-01-12 01:07:00"
f_21a73c03,default,listening-practice,ma3yyl83e,"School Admin",media,"German verb with preposition A1.pdf",application/pdf,527107,/uploads/1768180263650-84177f60b3e12633cb0f72fe.pdf,0,0,,"2026-01-12 01:11:04","2026-01-12 01:11:04"
f_ab6a086d,default,listening-practice,msoi7h6d0,"School Admin",media,Wortliste_A1.2.pdf,application/pdf,145841,/uploads/1768180549828-89722adc5f83ee82e58cb540.pdf,0,0,,"2026-01-12 01:15:50","2026-01-12 01:15:50"
f_3af9de1,default,listening-practice,mertofajz,"School Admin",media,Wortliste_A1.2.pdf,application/pdf,145841,/uploads/1768180619102-75fc349231432078e59df86d.pdf,0,0,,"2026-01-12 01:17:00","2026-01-12 01:17:00"
f_e8a8128,default,listening-practice,me08v6vuk,"School Admin",media,Wortliste_A1.1.pdf,application/pdf,118862,/uploads/1768180656216-fc72590af334712bcb2ce7ea.pdf,0,0,,"2026-01-12 01:17:38","2026-01-12 01:17:38"
f_2ecdb8d5,default,listening-practice,me08v6vuk,"School Admin",media,Wortliste_A1.2.pdf,application/pdf,145841,/uploads/1768180656218-6736bd2ee5e0da254b54a1c1.pdf,0,0,,"2026-01-12 01:17:38","2026-01-12 01:17:38"
f_2096500e,default,listening-practice,mrv8zu721,"School Admin",media,"Reflexive verb.pdf",application/pdf,60856,/uploads/1768180740269-87bb9360fe282fd643abb609.pdf,0,0,,"2026-01-12 01:19:01","2026-01-12 01:19:01"
f_11ea17b3,default,listening-practice,mm2hdd1ry,"School Admin",media,"German verb with preposition A1.pdf",application/pdf,527107,/uploads/1768180868656-c77a1fc303366f2299c925c2.pdf,0,0,,"2026-01-12 01:21:10","2026-01-12 01:21:10"
f_3f49a71b,default,listening-practice,mm2hdd1ry,"School Admin",media,"Reflexive verb.pdf",application/pdf,60856,/uploads/1768180868669-b4fee7f3cc28a2eca66c77b2.pdf,0,0,,"2026-01-12 01:21:10","2026-01-12 01:21:10"
f_15a53ef1,default,listening-practice,mm2hdd1ry,"School Admin",media,"Verb with preposition for A2.pdf",application/pdf,527107,/uploads/1768180868670-2ecc8a56d63cfe6e9e3939c9.pdf,0,0,,"2026-01-12 01:21:10","2026-01-12 01:21:10"
f_eeaa6ddf,default,listening-practice,mm2hdd1ry,"School Admin",media,"Verb With preposition.pdf",application/pdf,527107,/uploads/1768180868677-883bc69bfddaf74eba3714f4.pdf,0,0,,"2026-01-12 01:21:10","2026-01-12 01:21:10"
f_f5a328d6,default,listening-practice,mm2hdd1ry,"School Admin",media,Wortliste_A1.1.pdf,application/pdf,118862,/uploads/1768180868679-e939ebe43e5f955095f67a2e.pdf,0,0,,"2026-01-12 01:21:10","2026-01-12 01:21:10"
f_4ac4e236,default,listening-practice,mm2hdd1ry,"School Admin",media,Wortliste_A1.2.pdf,application/pdf,145841,/uploads/1768180868680-ab26fed00c1e5acacf7451cf.pdf,0,0,,"2026-01-12 01:21:10","2026-01-12 01:21:10"
f_2c8f7607,default,listening-practice,mm2hdd1ry,"School Admin",media,Wortliste_A2.2.pdf,application/pdf,104508,/uploads/1768180868682-d62d4e2f26027b8adf0a8cfe.pdf,0,0,,"2026-01-12 01:21:10","2026-01-12 01:21:10"
f_afae69a,default,listening-practice,mm2hdd1ry,"School Admin",media,Wortliste_B1_B2.pdf,application/pdf,148806,/uploads/1768180868682-753613a214fb590a22b35620.pdf,0,0,,"2026-01-12 01:21:10","2026-01-12 01:21:10"
f_9717cb43,default,listening-practice,mfusb61k9,"School Admin",media,"Dokument-unbenannt (1).pdf",application/pdf,406962,/uploads/1768180917569-91bf4594d16d5a3f8ae81239.pdf,0,0,,"2026-01-12 01:21:59","2026-01-12 01:21:59"
f_8057bd12,default,listening-practice,mfusb61k9,"School Admin",media,"Dokument-unbenannt (2).pdf",application/pdf,26692,/uploads/1768180917574-cd6adcbf31953dbeb55820a9.pdf,0,0,,"2026-01-12 01:21:59","2026-01-12 01:21:59"
f_1e2bfc70,default,listening-practice,mfusb61k9,"School Admin",media,"Dokument-unbenannt (3).pdf",application/pdf,25754,/uploads/1768180917574-00e443367a1d8f91bb7802dc.pdf,0,0,,"2026-01-12 01:21:59","2026-01-12 01:21:59"
f_5874bfc4,default,listening-practice,mfusb61k9,"School Admin",media,"Dokument-unbenannt (4).pdf",application/pdf,26435,/uploads/1768180917575-a35f9fc1b8b04feeaff479de.pdf,0,0,,"2026-01-12 01:21:59","2026-01-12 01:21:59"
f_6d5938fc,default,listening-practice,mfusb61k9,"School Admin",media,Dokument-unbenannt.pdf,application/pdf,406743,/uploads/1768180917575-3796ff9018cfe39b888d10cf.pdf,0,0,,"2026-01-12 01:21:59","2026-01-12 01:21:59"
f_d0593d47,default,listening-practice,mfusb61k9,"School Admin",media,"Eatznite Concept 2.pdf",application/pdf,229564,/uploads/1768180917577-60799fb74d03ac3b8f7d5193.pdf,0,0,,"2026-01-12 01:21:59","2026-01-12 01:21:59"
f_1a86d23e,default,learning-materials,mm2p14bib,"School Admin",media,"CV â Md Golam Rabbani.pdf",application/pdf,430644,/uploads/1768247900551-bc4845a82fa9961154d14c81.pdf,0,0,,"2026-01-12 19:58:22","2026-01-12 19:58:22"
f_6ef12775,default,learning-materials,mm2p14bib,"School Admin",media,FundBA_PrinciplesOfStrategicMgt_2025-09-18.pdf,application/pdf,181273,/uploads/1768247900553-b01135fe674ee4d0192f80ca.pdf,0,0,,"2026-01-12 19:58:22","2026-01-12 19:58:22"
f_7e5b4018,default,learning-materials,mm2p14bib,"School Admin",media,FundBA_TheOperationsFunction_2025-09-18.pdf,application/pdf,804612,/uploads/1768247900555-a47bccd53009fd68dae9667c.pdf,0,0,,"2026-01-12 19:58:22","2026-01-12 19:58:22"
f_dc4f639d,default,learning-materials,mm2p14bib,"School Admin",media,PlanningCostsOfProduction_2025-09-18.pdf,application/pdf,248908,/uploads/1768247900558-b6c334f534cf2b60602173fd.pdf,0,0,,"2026-01-12 19:58:22","2026-01-12 19:58:22"
f_47127910,default,learning-materials,mm2p14bib,"School Admin",media,Pricing_2025-09-18.pdf,application/pdf,369854,/uploads/1768247900559-6c6ebdbd57750c8039f63ffb.pdf,0,0,,"2026-01-12 19:58:22","2026-01-12 19:58:22"
f_8b22cc45,default,learning-materials,mm2p14bib,"School Admin",media,ProductPolicy_2025-11-11.pdf,application/pdf,918506,/uploads/1768247900560-821a6afed5070b004a8a58e2.pdf,0,0,,"2026-01-12 19:58:22","2026-01-12 19:58:22"
f_7a577995,default,learning-materials,mxso060k1,"School Admin",media,"CV â Md Golam Rabbani.pdf",application/pdf,430644,/uploads/1768248174377-2461ff4614cacf9b8712f5d5.pdf,0,0,,"2026-01-12 20:02:55","2026-01-12 20:02:55"
f_2e29e97e,default,learning-materials,mxso060k1,"School Admin",media,FundBA_PrinciplesOfStrategicMgt_2025-09-18.pdf,application/pdf,181273,/uploads/1768248174381-db44f369c8422c7b6cefbca4.pdf,0,0,,"2026-01-12 20:02:55","2026-01-12 20:02:55"
f_ed09ef1e,default,learning-materials,mxso060k1,"School Admin",media,FundBA_TheOperationsFunction_2025-09-18.pdf,application/pdf,804612,/uploads/1768248174383-b5f401a3017c4d2643264e81.pdf,0,0,,"2026-01-12 20:02:55","2026-01-12 20:02:55"
f_e469b108,default,learning-materials,mxso060k1,"School Admin",media,PlanningCostsOfProduction_2025-09-18.pdf,application/pdf,248908,/uploads/1768248174387-14580f0b8a79a38ed980b125.pdf,0,0,,"2026-01-12 20:02:55","2026-01-12 20:02:55"
f_d0243f0e,default,learning-materials,mxso060k1,"School Admin",media,Pricing_2025-09-18.pdf,application/pdf,369854,/uploads/1768248174387-698cc64db67ddfeaa7358123.pdf,0,0,,"2026-01-12 20:02:55","2026-01-12 20:02:55"
f_c4604895,default,learning-materials,mxso060k1,"School Admin",media,ProductPolicy_2025-11-11.pdf,application/pdf,918506,/uploads/1768248174390-c61731bb5cbeb6ddbca8fda1.pdf,0,0,,"2026-01-12 20:02:55","2026-01-12 20:02:55"
f_3a4bab3,default,learning-materials,mi3ufd6hd,"School Admin",media,"CV â Md Golam Rabbani.pdf",application/pdf,430644,/uploads/1768248310384-b3d8a16a53637dcf9547d368.pdf,0,0,,"2026-01-12 20:05:11","2026-01-12 20:05:11"
f_228c9ca9,default,learning-materials,mi3ufd6hd,"School Admin",media,FundBA_PrinciplesOfStrategicMgt_2025-09-18.pdf,application/pdf,181273,/uploads/1768248310388-01765ce110958722f20cdf92.pdf,0,0,,"2026-01-12 20:05:11","2026-01-12 20:05:11"
f_28de724a,default,learning-materials,mi3ufd6hd,"School Admin",media,FundBA_TheOperationsFunction_2025-09-18.pdf,application/pdf,804612,/uploads/1768248310390-7aa8814cc5e9289ab6ffb22b.pdf,0,0,,"2026-01-12 20:05:11","2026-01-12 20:05:11"
f_bcd6aa66,default,learning-materials,mi3ufd6hd,"School Admin",media,PlanningCostsOfProduction_2025-09-18.pdf,application/pdf,248908,/uploads/1768248310393-416a906743b4a1e47cd8070d.pdf,0,0,,"2026-01-12 20:05:11","2026-01-12 20:05:11"
f_38791e4b,default,learning-materials,mi3ufd6hd,"School Admin",media,Pricing_2025-09-18.pdf,application/pdf,369854,/uploads/1768248310394-71b05a7970f8dd6a61ea5228.pdf,0,0,,"2026-01-12 20:05:11","2026-01-12 20:05:11"
f_18e6acf3,default,learning-materials,mi3ufd6hd,"School Admin",media,ProductPolicy_2025-11-11.pdf,application/pdf,918506,/uploads/1768248310395-dc80cc44b9baf1980b9913fa.pdf,0,0,,"2026-01-12 20:05:11","2026-01-12 20:05:11"
f_2310e07f,default,learning-materials,mtoen8xya,"School Admin",media,"CV â Md Golam Rabbani.pdf",application/pdf,430644,/uploads/1768248373713-5453b19324fb6075335b1a1a.pdf,0,0,,"2026-01-12 20:06:15","2026-01-12 20:06:15"
f_4feb0a34,default,learning-materials,mtoen8xya,"School Admin",media,FundBA_PrinciplesOfStrategicMgt_2025-09-18.pdf,application/pdf,181273,/uploads/1768248373716-1c18befd5871f55424999cdc.pdf,0,0,,"2026-01-12 20:06:15","2026-01-12 20:06:15"
f_cd1df3bf,default,learning-materials,mtoen8xya,"School Admin",media,FundBA_TheOperationsFunction_2025-09-18.pdf,application/pdf,804612,/uploads/1768248373718-61481aab165403be2e09df88.pdf,0,0,,"2026-01-12 20:06:15","2026-01-12 20:06:15"
f_a02e1901,default,learning-materials,mtoen8xya,"School Admin",media,PlanningCostsOfProduction_2025-09-18.pdf,application/pdf,248908,/uploads/1768248373720-17eaa22a2f6e19fe82473057.pdf,0,0,,"2026-01-12 20:06:15","2026-01-12 20:06:15"
f_aab0dbe5,default,learning-materials,mtoen8xya,"School Admin",media,Pricing_2025-09-18.pdf,application/pdf,369854,/uploads/1768248373721-2af08ff194d21607e4bc469f.pdf,0,0,,"2026-01-12 20:06:15","2026-01-12 20:06:15"
f_1802cbd,default,learning-materials,mtoen8xya,"School Admin",media,ProductPolicy_2025-11-11.pdf,application/pdf,918506,/uploads/1768248373725-236217a5fb7d82dc0d59f6c3.pdf,0,0,,"2026-01-12 20:06:15","2026-01-12 20:06:15"
f_b3b6f25,default,learning-materials,mcgygtbxw,"School Admin",media,"CV â Md Golam Rabbani.pdf",application/pdf,430644,/uploads/1768248477806-99678ed39f388ef1d5683b2a.pdf,0,0,,"2026-01-12 20:07:58","2026-01-12 20:07:58"
f_d1f771ad,default,learning-materials,mcgygtbxw,"School Admin",media,FundBA_PrinciplesOfStrategicMgt_2025-09-18.pdf,application/pdf,181273,/uploads/1768248477810-124a33345dff2f2d9804c732.pdf,0,0,,"2026-01-12 20:07:58","2026-01-12 20:07:58"
f_9241e484,default,learning-materials,mcgygtbxw,"School Admin",media,FundBA_TheOperationsFunction_2025-09-18.pdf,application/pdf,804612,/uploads/1768248477812-8d1f6b5c5073f98d55a38f72.pdf,0,0,,"2026-01-12 20:07:58","2026-01-12 20:07:58"
f_85a6ce6d,default,learning-materials,mcgygtbxw,"School Admin",media,PlanningCostsOfProduction_2025-09-18.pdf,application/pdf,248908,/uploads/1768248477816-788482c08da52a078fe5100e.pdf,0,0,,"2026-01-12 20:07:58","2026-01-12 20:07:58"
f_676a830a,default,learning-materials,mcgygtbxw,"School Admin",media,Pricing_2025-09-18.pdf,application/pdf,369854,/uploads/1768248477817-a2e36aafab82a1b6421bb679.pdf,0,0,,"2026-01-12 20:07:58","2026-01-12 20:07:58"
f_60fed241,default,learning-materials,mcgygtbxw,"School Admin",media,ProductPolicy_2025-11-11.pdf,application/pdf,918506,/uploads/1768248477818-6539c10320ac78ce1b046bae.pdf,0,0,,"2026-01-12 20:07:58","2026-01-12 20:07:58"
f_12da6b16,default,learning-materials,mb4jsk9gl,"School Admin",media,"CV â Md Golam Rabbani.pdf",application/pdf,430644,/uploads/1768248543360-9e9521d0cea907d61762bb25.pdf,0,0,,"2026-01-12 20:09:04","2026-01-12 20:09:04"
f_b7c860b3,default,learning-materials,mb4jsk9gl,"School Admin",media,FundBA_PrinciplesOfStrategicMgt_2025-09-18.pdf,application/pdf,181273,/uploads/1768248543363-02734136765b2a51637eb084.pdf,0,0,,"2026-01-12 20:09:04","2026-01-12 20:09:04"
f_13e4621d,default,learning-materials,mb4jsk9gl,"School Admin",media,FundBA_TheOperationsFunction_2025-09-18.pdf,application/pdf,804612,/uploads/1768248543365-92a2169ebb3095052fa1e06a.pdf,0,0,,"2026-01-12 20:09:04","2026-01-12 20:09:04"
f_2435fe91,default,learning-materials,mb4jsk9gl,"School Admin",media,PlanningCostsOfProduction_2025-09-18.pdf,application/pdf,248908,/uploads/1768248543368-ce3d08a99dfbbb599f3fc7b3.pdf,0,0,,"2026-01-12 20:09:04","2026-01-12 20:09:04"
f_80a250ea,default,learning-materials,mb4jsk9gl,"School Admin",media,Pricing_2025-09-18.pdf,application/pdf,369854,/uploads/1768248543369-4f5350ace81b8bb97e8e408e.pdf,0,0,,"2026-01-12 20:09:04","2026-01-12 20:09:04"
f_1fe15a84,default,learning-materials,mb4jsk9gl,"School Admin",media,ProductPolicy_2025-11-11.pdf,application/pdf,918506,/uploads/1768248543373-563433883c59a1c1d17208c7.pdf,0,0,,"2026-01-12 20:09:04","2026-01-12 20:09:04"
f_a950e41,default,learning-materials,mmr1x2r2a,"School Admin",media,"CV â Md Golam Rabbani.pdf",application/pdf,430644,/uploads/1768251281909-6fbb2c332e57c6f5e1006304.pdf,0,0,,"2026-01-12 20:54:44","2026-01-12 20:54:44"
f_f8b524ed,default,learning-materials,mmr1x2r2a,"School Admin",media,FundBA_PrinciplesOfStrategicMgt_2025-09-18.pdf,application/pdf,181273,/uploads/1768251281912-371b30e5278dfd544bd7eda9.pdf,0,0,,"2026-01-12 20:54:44","2026-01-12 20:54:44"
f_1ab575b3,default,learning-materials,mmr1x2r2a,"School Admin",media,FundBA_TheOperationsFunction_2025-09-18.pdf,application/pdf,804612,/uploads/1768251281914-257405fa00918cf8939c4d4f.pdf,0,0,,"2026-01-12 20:54:44","2026-01-12 20:54:44"
f_8312fa92,default,learning-materials,mmr1x2r2a,"School Admin",media,PlanningCostsOfProduction_2025-09-18.pdf,application/pdf,248908,/uploads/1768251281916-ea2efc6eff884a2a244f70be.pdf,0,0,,"2026-01-12 20:54:44","2026-01-12 20:54:44"
f_59c86216,default,learning-materials,mmr1x2r2a,"School Admin",media,Pricing_2025-09-18.pdf,application/pdf,369854,/uploads/1768251281917-d361f5a068e225f1cbf1276a.pdf,0,0,,"2026-01-12 20:54:44","2026-01-12 20:54:44"
f_788b0a29,default,learning-materials,mmr1x2r2a,"School Admin",media,ProductPolicy_2025-11-11.pdf,application/pdf,918506,/uploads/1768251281918-5e781d833621b8b0b9a6cf62.pdf,0,0,,"2026-01-12 20:54:44","2026-01-12 20:54:44"
f_ee25c125,default,learning-materials,ms78cbe9g,"School Admin",media,"CV â Md Golam Rabbani.pdf",application/pdf,430644,/uploads/1768251863447-5d0e404906bf73934f78d027.pdf,0,0,,"2026-01-12 21:04:24","2026-01-12 21:04:24"
f_52a8cf8b,default,learning-materials,ms78cbe9g,"School Admin",media,FundBA_PrinciplesOfStrategicMgt_2025-09-18.pdf,application/pdf,181273,/uploads/1768251863451-2f1728ef958bde9b37198994.pdf,0,0,,"2026-01-12 21:04:24","2026-01-12 21:04:24"
f_a60a7d39,default,learning-materials,ms78cbe9g,"School Admin",media,FundBA_TheOperationsFunction_2025-09-18.pdf,application/pdf,804612,/uploads/1768251863453-779a6e15c29573d29d42e3de.pdf,0,0,,"2026-01-12 21:04:24","2026-01-12 21:04:24"
f_f1198d9c,default,learning-materials,ms78cbe9g,"School Admin",media,PlanningCostsOfProduction_2025-09-18.pdf,application/pdf,248908,/uploads/1768251863456-959d54da0687872313e1b52f.pdf,0,0,,"2026-01-12 21:04:24","2026-01-12 21:04:24"
f_e6119ad2,default,learning-materials,ms78cbe9g,"School Admin",media,Pricing_2025-09-18.pdf,application/pdf,369854,/uploads/1768251863459-66495b35793c7b6b6e8dc2d2.pdf,0,0,,"2026-01-12 21:04:24","2026-01-12 21:04:24"
f_b6f05594,default,learning-materials,ms78cbe9g,"School Admin",media,ProductPolicy_2025-11-11.pdf,application/pdf,918506,/uploads/1768251863462-5da1495aad727b70d5a09775.pdf,0,0,,"2026-01-12 21:04:24","2026-01-12 21:04:24"
f_5ca109af,default,learning-materials,m0w623p1z,"School Admin",media,"CV â Md Golam Rabbani.pdf",application/pdf,430644,/uploads/1768252171390-67de82cc4bb601e296a2d163.pdf,0,0,,"2026-01-12 21:09:32","2026-01-12 21:09:32"
f_c918f071,default,learning-materials,m0w623p1z,"School Admin",media,FundBA_PrinciplesOfStrategicMgt_2025-09-18.pdf,application/pdf,181273,/uploads/1768252171393-ec348a9f6e27852ad7db701f.pdf,0,0,,"2026-01-12 21:09:32","2026-01-12 21:09:32"
f_b185066f,default,learning-materials,m0w623p1z,"School Admin",media,FundBA_TheOperationsFunction_2025-09-18.pdf,application/pdf,804612,/uploads/1768252171394-8a8d6313faf57d826e34fa15.pdf,0,0,,"2026-01-12 21:09:32","2026-01-12 21:09:32"
f_33d4f824,default,learning-materials,m0w623p1z,"School Admin",media,PlanningCostsOfProduction_2025-09-18.pdf,application/pdf,248908,/uploads/1768252171397-a37a58727dda6741b44fcb7e.pdf,0,0,,"2026-01-12 21:09:32","2026-01-12 21:09:32"
f_c7f538a1,default,learning-materials,m0w623p1z,"School Admin",media,Pricing_2025-09-18.pdf,application/pdf,369854,/uploads/1768252171398-e03417540f661d40a1941c6c.pdf,0,0,,"2026-01-12 21:09:32","2026-01-12 21:09:32"
f_60283d60,default,learning-materials,m0w623p1z,"School Admin",media,ProductPolicy_2025-11-11.pdf,application/pdf,918506,/uploads/1768252171400-9a25af9eb92d50ba8da9b97e.pdf,0,0,,"2026-01-12 21:09:32","2026-01-12 21:09:32"
f_842d1b12,default,learning-materials,m20ql32hr,"School Admin",media,"CV â Md Golam Rabbani.pdf",application/pdf,430644,/uploads/1768252405339-fd6af05a0080190caf9bf95c.pdf,0,0,,"2026-01-12 21:13:26","2026-01-12 21:13:26"
f_e3abb05e,default,learning-materials,m20ql32hr,"School Admin",media,FundBA_PrinciplesOfStrategicMgt_2025-09-18.pdf,application/pdf,181273,/uploads/1768252405341-3dce7775c88c6f5dd019044c.pdf,0,0,,"2026-01-12 21:13:26","2026-01-12 21:13:26"
f_8798eee9,default,learning-materials,m20ql32hr,"School Admin",media,FundBA_TheOperationsFunction_2025-09-18.pdf,application/pdf,804612,/uploads/1768252405343-971c6204158afb57096f3912.pdf,0,0,,"2026-01-12 21:13:26","2026-01-12 21:13:26"
f_a5bb757d,default,learning-materials,m20ql32hr,"School Admin",media,PlanningCostsOfProduction_2025-09-18.pdf,application/pdf,248908,/uploads/1768252405345-cc60d1dcb072827af3aa870e.pdf,0,0,,"2026-01-12 21:13:26","2026-01-12 21:13:26"
f_3f696cba,default,learning-materials,m20ql32hr,"School Admin",media,Pricing_2025-09-18.pdf,application/pdf,369854,/uploads/1768252405348-de883efd72670b1ad76be695.pdf,0,0,,"2026-01-12 21:13:26","2026-01-12 21:13:26"
f_63e37655,default,learning-materials,m20ql32hr,"School Admin",media,ProductPolicy_2025-11-11.pdf,application/pdf,918506,/uploads/1768252405349-d430f690a2812547acafebd0.pdf,0,0,,"2026-01-12 21:13:26","2026-01-12 21:13:26"
f_721b4993,default,learning-materials,mskyu8tgw,"School Admin",media,"CV â Md Golam Rabbani.pdf",application/pdf,430644,/uploads/1768253232244-3702ff879372ed06c66ab8bc.pdf,0,0,,"2026-01-12 21:27:14","2026-01-12 21:27:14"
f_da3aa82,default,learning-materials,mskyu8tgw,"School Admin",media,FundBA_PrinciplesOfStrategicMgt_2025-09-18.pdf,application/pdf,181273,/uploads/1768253232247-bfc8fd51290012c131be196e.pdf,0,0,,"2026-01-12 21:27:14","2026-01-12 21:27:14"
f_65dd7b56,default,learning-materials,mskyu8tgw,"School Admin",media,FundBA_TheOperationsFunction_2025-09-18.pdf,application/pdf,804612,/uploads/1768253232250-66c429336e075b778ef97738.pdf,0,0,,"2026-01-12 21:27:14","2026-01-12 21:27:14"
f_a1c0a5c0,default,learning-materials,mskyu8tgw,"School Admin",media,PlanningCostsOfProduction_2025-09-18.pdf,application/pdf,248908,/uploads/1768253232254-d9b2569565ec95bfb487121e.pdf,0,0,,"2026-01-12 21:27:14","2026-01-12 21:27:14"
f_a37493a7,default,learning-materials,mskyu8tgw,"School Admin",media,Pricing_2025-09-18.pdf,application/pdf,369854,/uploads/1768253232255-406ac861948276833ea53da8.pdf,0,0,,"2026-01-12 21:27:14","2026-01-12 21:27:14"
f_77f8961c,default,learning-materials,mskyu8tgw,"School Admin",media,ProductPolicy_2025-11-11.pdf,application/pdf,918506,/uploads/1768253232256-869d3bc644f6fc7601e79e7b.pdf,0,0,,"2026-01-12 21:27:14","2026-01-12 21:27:14"
f_4b4b3953,default,learning-materials,mc2a5jlzk,"School Admin",media,"CV â Md Golam Rabbani.pdf",application/pdf,430644,/uploads/1768253380293-925813230fc3c120af624327.pdf,0,0,,"2026-01-12 21:29:41","2026-01-12 21:29:41"
f_f54fb738,default,learning-materials,mc2a5jlzk,"School Admin",media,FundBA_PrinciplesOfStrategicMgt_2025-09-18.pdf,application/pdf,181273,/uploads/1768253380296-2692e277cce36fdf7cdc99a3.pdf,0,0,,"2026-01-12 21:29:41","2026-01-12 21:29:41"
f_9eac5f68,default,learning-materials,mc2a5jlzk,"School Admin",media,FundBA_TheOperationsFunction_2025-09-18.pdf,application/pdf,804612,/uploads/1768253380297-276d7a8e6e5835ceb77901fc.pdf,0,0,,"2026-01-12 21:29:41","2026-01-12 21:29:41"
f_44df4c47,default,learning-materials,mc2a5jlzk,"School Admin",media,PlanningCostsOfProduction_2025-09-18.pdf,application/pdf,248908,/uploads/1768253380301-9444e0755b078ce24547a6e5.pdf,0,0,,"2026-01-12 21:29:41","2026-01-12 21:29:41"
f_61e70fa2,default,learning-materials,mc2a5jlzk,"School Admin",media,Pricing_2025-09-18.pdf,application/pdf,369854,/uploads/1768253380303-c8bb5f5c219c00b1ebff4dec.pdf,0,0,,"2026-01-12 21:29:41","2026-01-12 21:29:41"
f_d6d21941,default,learning-materials,mc2a5jlzk,"School Admin",media,ProductPolicy_2025-11-11.pdf,application/pdf,918506,/uploads/1768253380305-0f66f96cd53da12007cc44fd.pdf,0,0,,"2026-01-12 21:29:41","2026-01-12 21:29:41"
f_2454c160,default,learning-materials,m1q9b3j3o,"School Admin",media,"CV â Md Golam Rabbani.pdf",application/pdf,430644,/uploads/1768254094275-a54a4296cf91f6f2d840ebfb.pdf,0,0,,"2026-01-12 21:41:35","2026-01-12 21:41:35"
f_103b97e1,default,learning-materials,m1q9b3j3o,"School Admin",media,FundBA_PrinciplesOfStrategicMgt_2025-09-18.pdf,application/pdf,181273,/uploads/1768254094278-32bc58febc0dd35267d297af.pdf,0,0,,"2026-01-12 21:41:35","2026-01-12 21:41:35"
f_a4537b52,default,learning-materials,m1q9b3j3o,"School Admin",media,FundBA_TheOperationsFunction_2025-09-18.pdf,application/pdf,804612,/uploads/1768254094279-8104ec9255fb3e799857170e.pdf,0,0,,"2026-01-12 21:41:35","2026-01-12 21:41:35"
f_a2330faf,default,learning-materials,m1q9b3j3o,"School Admin",media,PlanningCostsOfProduction_2025-09-18.pdf,application/pdf,248908,/uploads/1768254094282-70f9eb87c642dbd660502d5a.pdf,0,0,,"2026-01-12 21:41:35","2026-01-12 21:41:35"
f_1d1e7a01,default,learning-materials,m1q9b3j3o,"School Admin",media,Pricing_2025-09-18.pdf,application/pdf,369854,/uploads/1768254094283-940d86b68861387a9aa28ffd.pdf,0,0,,"2026-01-12 21:41:35","2026-01-12 21:41:35"
f_7555300d,default,learning-materials,m1q9b3j3o,"School Admin",media,ProductPolicy_2025-11-11.pdf,application/pdf,918506,/uploads/1768254094285-a0eea8fc2916443817ed4918.pdf,0,0,,"2026-01-12 21:41:35","2026-01-12 21:41:35"
f_1ea3aa2d,default,learning-materials,m7ofd0npr,"School Admin",media,"CV â Md Golam Rabbani.pdf",application/pdf,430644,/uploads/1768254120106-2dba59a9b3dd2d071f9b0694.pdf,0,0,,"2026-01-12 21:42:01","2026-01-12 21:42:01"
f_79df1432,default,learning-materials,m7ofd0npr,"School Admin",media,FundBA_PrinciplesOfStrategicMgt_2025-09-18.pdf,application/pdf,181273,/uploads/1768254120109-d66590e4d5a812d75ccbaddd.pdf,0,0,,"2026-01-12 21:42:01","2026-01-12 21:42:01"
f_9637d420,default,learning-materials,m7ofd0npr,"School Admin",media,FundBA_TheOperationsFunction_2025-09-18.pdf,application/pdf,804612,/uploads/1768254120112-0cc38bb0d6f43425f1d06e81.pdf,0,0,,"2026-01-12 21:42:01","2026-01-12 21:42:01"
f_af87bb19,default,learning-materials,m7ofd0npr,"School Admin",media,PlanningCostsOfProduction_2025-09-18.pdf,application/pdf,248908,/uploads/1768254120115-572ca499ef79369c3a592524.pdf,0,0,,"2026-01-12 21:42:01","2026-01-12 21:42:01"
f_a0f63532,default,learning-materials,m7ofd0npr,"School Admin",media,Pricing_2025-09-18.pdf,application/pdf,369854,/uploads/1768254120118-8d34b932b2ad46c1f365d527.pdf,0,0,,"2026-01-12 21:42:01","2026-01-12 21:42:01"
f_14702962,default,learning-materials,m7ofd0npr,"School Admin",media,ProductPolicy_2025-11-11.pdf,application/pdf,918506,/uploads/1768254120120-aaeb1a8ae6555bd389c8bb54.pdf,0,0,,"2026-01-12 21:42:01","2026-01-12 21:42:01"
f_d79ddcab,default,listening-practice,mqlsd7n1g,"School Admin",media,"CV â Md Golam Rabbani.pdf",application/pdf,430644,/uploads/1768255373785-00c0bf0e258385b02eddce5b.pdf,0,0,,"2026-01-12 22:02:55","2026-01-12 22:02:55"
f_11af9e7f,default,listening-practice,mqlsd7n1g,"School Admin",media,FundBA_PrinciplesOfStrategicMgt_2025-09-18.pdf,application/pdf,181273,/uploads/1768255373790-20b404e0d9a5d3bdd97aa960.pdf,0,0,,"2026-01-12 22:02:55","2026-01-12 22:02:55"
f_140e80dd,default,listening-practice,mqlsd7n1g,"School Admin",media,FundBA_TheOperationsFunction_2025-09-18.pdf,application/pdf,804612,/uploads/1768255373792-64b944b1976ad2547d4116c3.pdf,0,0,,"2026-01-12 22:02:55","2026-01-12 22:02:55"
f_8930c468,default,listening-practice,mqlsd7n1g,"School Admin",media,PlanningCostsOfProduction_2025-09-18.pdf,application/pdf,248908,/uploads/1768255373796-7aa22fa7d35ae5d03b2f880b.pdf,0,0,,"2026-01-12 22:02:55","2026-01-12 22:02:55"
f_d7184ce3,default,listening-practice,mqlsd7n1g,"School Admin",media,Pricing_2025-09-18.pdf,application/pdf,369854,/uploads/1768255373799-4afb11dc70a29908fa7f6723.pdf,0,0,,"2026-01-12 22:02:55","2026-01-12 22:02:55"
f_506b97d7,default,listening-practice,mqlsd7n1g,"School Admin",media,ProductPolicy_2025-11-11.pdf,application/pdf,918506,/uploads/1768255373801-6d98882d02c7a487c42c0b95.pdf,0,0,,"2026-01-12 22:02:55","2026-01-12 22:02:55"
f_3d71a010,default,learning-materials,mqag24s1r,"Md Golam Rabbani",media,"German verb with preposition A1.pdf",application/pdf,527107,/uploads/1768256244977-cc85d5065c7e283ff5f454fc.pdf,0,0,,"2026-01-12 22:17:26","2026-01-12 22:17:26"
f_2f6d99fd,default,learning-materials,mqag24s1r,"Md Golam Rabbani",media,"Reflexive verb.pdf",application/pdf,60856,/uploads/1768256244985-f0f9de712dc228c0aae4ea81.pdf,0,0,,"2026-01-12 22:17:26","2026-01-12 22:17:26"
f_86252f6d,default,learning-materials,mqag24s1r,"Md Golam Rabbani",media,"Verb with preposition for A2.pdf",application/pdf,527107,/uploads/1768256244985-4ac9a2462242fdb81defd097.pdf,0,0,,"2026-01-12 22:17:26","2026-01-12 22:17:26"
f_f19a49a6,default,learning-materials,mqag24s1r,"Md Golam Rabbani",media,"Verb With preposition.pdf",application/pdf,527107,/uploads/1768256244989-17e447cbf88044f6289ce5d0.pdf,0,0,,"2026-01-12 22:17:26","2026-01-12 22:17:26"
f_d28d2da6,default,learning-materials,mqag24s1r,"Md Golam Rabbani",media,Wortliste_A1.1.pdf,application/pdf,118862,/uploads/1768256244991-fa9a979cf2a696917add05bd.pdf,0,0,,"2026-01-12 22:17:26","2026-01-12 22:17:26"
f_a29f525f,default,learning-materials,mqag24s1r,"Md Golam Rabbani",media,Wortliste_A1.2.pdf,application/pdf,145841,/uploads/1768256244991-a8b71ac1421bb65a949caffc.pdf,0,0,,"2026-01-12 22:17:26","2026-01-12 22:17:26"
f_9312db39,default,learning-materials,mqag24s1r,"Md Golam Rabbani",media,Wortliste_A2.2.pdf,application/pdf,104508,/uploads/1768256244992-3647554de9882f0de7191799.pdf,0,0,,"2026-01-12 22:17:26","2026-01-12 22:17:26"
f_9ad24a70,default,learning-materials,mqag24s1r,"Md Golam Rabbani",media,Wortliste_B1_B2.pdf,application/pdf,148806,/uploads/1768256244992-effceaa47c0b29e993842985.pdf,0,0,,"2026-01-12 22:17:26","2026-01-12 22:17:26"
f_bdb038d8,default,learning-materials,mwilmw15q,"School Admin",media,Wortschatzt.pdf,application/pdf,798733,/uploads/1768257149166-9861a8a19a6242f3de5e2d1c.pdf,0,0,,"2026-01-12 22:32:30","2026-01-12 22:32:30"
f_185a00bb,default,learning-materials,mmzgd87ut,"School Admin",media,Einfach_gut_A1.1_Wortschatzliste_Englisch.pdf,application/pdf,125574,/uploads/1768257299760-dbfa545f005d8d89b49531af.pdf,0,0,,"2026-01-12 22:35:01","2026-01-12 22:35:01"
f_8d6f66a0,default,learning-materials,mzt1htrvt,"School Admin",media,transaction-confirmation-report_en_2ca197.pdf,application/pdf,28110,/uploads/1768262082658-94e3ef942f8b60524222efb8.pdf,0,0,,"2026-01-12 23:54:46","2026-01-12 23:54:46"
f_df51854b,default,learning-materials,mzt1htrvt,"School Admin",media,"transaction-confirmation-report_en_7b10e1 2.pdf",application/pdf,28110,/uploads/1768262082659-c2cc5c7e65b790396d7e4044.pdf,0,0,,"2026-01-12 23:54:46","2026-01-12 23:54:46"
f_add81c17,default,learning-materials,mzt1htrvt,"School Admin",media,transaction-confirmation-report_en_09f1ab.pdf,application/pdf,28112,/uploads/1768262082659-a7c3839101b84fe152332a34.pdf,0,0,,"2026-01-12 23:54:46","2026-01-12 23:54:46"
f_5d7deb6a,default,learning-materials,mzt1htrvt,"School Admin",media,transaction-confirmation-report_en_9fa644.pdf,application/pdf,28447,/uploads/1768262082662-dcfa31b4dde4694d27ea8fe1.pdf,0,0,,"2026-01-12 23:54:46","2026-01-12 23:54:46"
f_c0d04478,default,learning-materials,mzt1htrvt,"School Admin",media,transaction-statement_050fb292-87ed-e3e3-0140-025019f96bad_en_4af060.pdf,application/pdf,27579,/uploads/1768262082662-2856fdcaab26c3fdf42e4f74.pdf,0,0,,"2026-01-12 23:54:46","2026-01-12 23:54:46"
f_95e96063,default,learning-materials,mzt1htrvt,"School Admin",media,"Transcript of Records  Bescheinigung uÌber bestandene Leistungen (englisch) [PDF].pdf",application/pdf,497833,/uploads/1768262082662-eb74720513a66b3fd445d1fc.pdf,0,0,,"2026-01-12 23:54:46","2026-01-12 23:54:46"
f_5184c089,default,speaking-club-8,m29w262tn,"School Admin",media,audio-message-1768430139071.webm,audio/mp4,94244,/uploads/1768430139102-a19c7955aeee807051fc4ace.m4a,0,0,,"2026-01-14 22:35:39","2026-01-14 22:35:39"
f_7b2e9f2,default,speaking-club-8,mwuz270pl,"School Admin",media,audio-message-1768430150053.webm,audio/mp4,75365,/uploads/1768430150064-b2950304cb4f06e51b743dde.m4a,0,0,,"2026-01-14 22:35:50","2026-01-14 22:35:50"
f_d575edd5,default,speaking-club-8,mffczgn88,"School Admin",media,audio-message-1768433459732.webm,audio/mp4,3169,/uploads/1768433459770-fb89e43379259f702c07910e.m4a,0,0,,"2026-01-14 23:30:59","2026-01-14 23:30:59"
f_4c7c5393,default,speaking-club-8,mhtgfkof7,"School Admin",media,audio-message-1768433470646.webm,audio/mp4,158882,/uploads/1768433470656-772dca5b62e4f7bf9303fc33.m4a,0,0,,"2026-01-14 23:31:10","2026-01-14 23:31:10"
f_6a108ae2,default,speaking-club-8,mj8h6j9vz,"School Admin",media,audio-message-1768433476973.webm,audio/mp4,38409,/uploads/1768433476978-544376ca674ee5b760c66ec2.m4a,0,0,,"2026-01-14 23:31:17","2026-01-14 23:31:17"
f_a649b8b3,default,speaking-club-8,mald374ab,"School Admin",media,audio-message-1768433498497.webm,audio/mp4,232806,/uploads/1768433498508-b5e7c826baf9ce75951fc0a8.m4a,0,0,,"2026-01-14 23:31:38","2026-01-14 23:31:38"
f_68bf2752,default,speaking-club-8,mc051c0ms,"School Admin",media,audio-message-1768911563244.webm,audio/mp4,21974,/uploads/1768911563261-45e84c5a80ce73a8f0850919.m4a,0,0,,"2026-01-20 12:19:23","2026-01-20 12:19:23"
f_6af04728,default,speaking-club-8,m3vd42rfb,"School Admin",media,audio-message-1768911830372.webm,audio/mp4,38782,/uploads/1768911830385-22f4585f4dd2e7b106a1c2e9.m4a,0,0,,"2026-01-20 12:23:50","2026-01-20 12:23:50"
f_56f954aa,default,speaking-club-8,m8646rpdl,"School Admin",media,audio-message-1768912014358.webm,audio/mp4,115491,/uploads/1768912014369-d0053154371472f0af79cb07.m4a,0,0,,"2026-01-20 12:26:54","2026-01-20 12:26:54"
f_2f9bf23,default,speaking-club-8,mkhknintp,"School Admin",media,audio-message-1768912035060.webm,audio/mp4,70299,/uploads/1768912035071-7554b445bd82deac1c578dc1.m4a,0,0,,"2026-01-20 12:27:15","2026-01-20 12:27:15"
f_b9a692ae,default,speaking-club-8,mjtetenfd,"School Admin",media,audio-message-1768912616422.webm,audio/mp4,18981,/uploads/1768912616436-47dcd05a2e8df2af0a20b3f2.m4a,0,0,,"2026-01-20 12:36:56","2026-01-20 12:36:56"
f_266151ef,default,speaking-club-8,mnktboked,"School Admin",media,audio-message-1768912878653.webm,audio/mp4,2206,/uploads/1768912878659-e6eff3ff3ce5db7ff88f6583.m4a,0,0,,"2026-01-20 12:41:18","2026-01-20 12:41:18"
f_f8bdd912,default,speaking-club-8,mqz0xw4rc,"School Admin",media,audio-message-1768912879140.webm,audio/mp4,5768,/uploads/1768912879144-54c3b31ed2848bb01e480e1d.m4a,0,0,,"2026-01-20 12:41:19","2026-01-20 12:41:19"
f_7383536f,default,speaking-club-8,my32v8n27,"School Admin",media,audio-message-1768912887507.webm,audio/mp4,67465,/uploads/1768912887514-14aa3eadeb136a241386e0a7.m4a,0,0,,"2026-01-20 12:41:27","2026-01-20 12:41:27"
f_89f1f851,default,speaking-club-8,m48yjnfbv,"School Admin",media,audio-message-1768913019722.webm,audio/mp4,25362,/uploads/1768913019729-b6f48b8620e92574cc4e44b1.m4a,0,0,,"2026-01-20 12:43:39","2026-01-20 12:43:39"
f_b433deca,default,speaking-club-8,mjhq3m0q4,"School Admin",media,audio-message-1768913048305.webm,audio/mp4,106117,/uploads/1768913048311-5a2918a77cfdf2a170b07b84.m4a,0,0,,"2026-01-20 12:44:08","2026-01-20 12:44:08"
f_386b7f1a,default,speaking-club-8,miblfrmh4,"School Admin",media,audio-message-1768913312331.webm,audio/mp4,49096,/uploads/1768913312336-078ee68bf56f50d934b9ea46.m4a,0,0,,"2026-01-20 12:48:32","2026-01-20 12:48:32"
f_60feca79,default,speaking-club-8,m8zebk9in,"School Admin",media,audio-message-1768913313720.webm,audio/mp4,2229,/uploads/1768913313724-2d9d31dd51e3fbdba36fabca.m4a,0,0,,"2026-01-20 12:48:33","2026-01-20 12:48:33"
f_6435e66c,default,speaking-club-8,mhvmod3v8,"School Admin",media,audio-message-1768913581528.webm,audio/mp4,163652,/uploads/1768913581546-a6fb54efa391e3e3146c5970.m4a,0,0,,"2026-01-20 12:53:01","2026-01-20 12:53:01"
f_d3e8f2,default,speaking-club-8,mvwbqo152,"School Admin",media,audio-message-1768913724311.webm,audio/mp4,89783,/uploads/1768913724317-df2249a10450f103ccd7ed17.m4a,0,0,,"2026-01-20 12:55:24","2026-01-20 12:55:24"
f_2a077a3b,default,speaking-club-8,m6bhlgqv3,"School Admin",media,audio-message-1768913874380.webm,audio/mp4,53950,/uploads/1768913874388-4163e355afd2326d37209550.m4a,0,0,,"2026-01-20 12:57:54","2026-01-20 12:57:54"
f_fefec5f0,default,speaking-club-8,mizpe8yid,"School Admin",media,audio-message-1768913994965.webm,audio/mp4,74975,/uploads/1768913994976-0d6499e6b33ae317d6ab37fd.m4a,0,0,,"2026-01-20 12:59:55","2026-01-20 12:59:55"
f_89b9b1bb,default,b2-morning-1-homework,m125ki8gj,"School Admin",media,audio-message-1768914527591.webm,audio/mp4,259776,/uploads/1768914527599-f6fea347f382688dd1cabcfd.m4a,0,0,,"2026-01-20 13:08:50","2026-01-20 13:08:50"
f_c9c4e07e,default,b2-morning-1-homework,mhm8c2lyk,"School Admin",media,"GebuÌhrenbescheid.pdf",application/pdf,139332,/uploads/1768914543567-4bf0fc52ac34a65a4bfe4708.pdf,0,0,,"2026-01-20 13:09:04","2026-01-20 13:09:04"
f_3494981f,default,b2-morning-1-homework,me38i9knv,"School Admin",media,video-message-1768914581025.webm,video/mp4,977965,/uploads/1768914581036-378ea067869fbeeaf56796f9.mp4,0,0,,"2026-01-20 13:09:42","2026-01-20 13:09:42"
f_18108209,default,speaking-club-8,mxl622hjd,"School Admin",media,audio-message-1768914651135.webm,audio/mp4,61173,/uploads/1768914651142-a2a9070c0bc79cb07edf672f.m4a,0,0,,"2026-01-20 13:10:51","2026-01-20 13:10:51"
f_ebbe9f7c,default,speaking-club-8,m9rgnayxh,"School Admin",media,audio-message-1768914974895.webm,audio/mp4,39522,/uploads/1768914974900-c0f7d38269bff14e99bc2207.m4a,0,0,,"2026-01-20 13:16:14","2026-01-20 13:16:14"
f_78b2baf4,default,speaking-club-8,mpgorkm9t,"School Admin",media,audio-message-1768915059880.webm,audio/mp4,39258,/uploads/1768915059890-6d2ae86815bab8748aa51d49.m4a,0,0,,"2026-01-20 13:17:39","2026-01-20 13:17:39"
f_9bca89a0,default,speaking-club-8,mo0966cy9,"School Admin",media,audio-message-1768942941302.webm,audio/mp4,63932,/uploads/1768942941320-2e04c148780bd448ea14b7e5.m4a,0,0,,"2026-01-20 21:02:21","2026-01-20 21:02:21"
f_bc00bf13,default,speaking-club-8,m7fsoh9sq,"School Admin",media,audio-message-1768942957038.webm,audio/mp4,85535,/uploads/1768942957046-a1d62990c481445f20cc87c0.m4a,0,0,,"2026-01-20 21:02:37","2026-01-20 21:02:37"
f_c49fdd42,default,speaking-club-8,m6knp2ghr,"School Admin",media,audio-message-1768943055156.webm,audio/mp4,13428,/uploads/1768943055173-2856346602e4e6cf17a23bed.m4a,0,0,,"2026-01-20 21:04:15","2026-01-20 21:04:15"
f_e9412158,default,speaking-club-8,m2cweb4ds,"School Admin",media,audio-message-1768943080273.webm,audio/mp4,47305,/uploads/1768943080284-23246ef8d18f4ddfa8d6e208.m4a,0,0,,"2026-01-20 21:04:40","2026-01-20 21:04:40"
f_2c524f49,default,speaking-club-8,mdc9u1uwi,"School Admin",media,audio-message-1768943144859.webm,audio/mp4,80937,/uploads/1768943144902-4c78b5d7721e79cbfdc66e75.m4a,0,0,,"2026-01-20 21:05:45","2026-01-20 21:05:45"
f_a55424db,default,speaking-club-8,mrbmibz8o,"School Admin",media,audio-message-1768944064880.webm,audio/mp4,85773,/uploads/1768944064914-8522dfe401dffe0d4ba1ca47.m4a,0,0,,"2026-01-20 21:21:05","2026-01-20 21:21:05"
f_5cb21c8d,default,speaking-club-8,m4s6zopyp,"School Admin",media,audio-message-1768944183227.webm,audio/mp4,90616,/uploads/1768944183297-e3f68bbe77da4c288eccf8ec.m4a,0,0,,"2026-01-20 21:23:03","2026-01-20 21:23:03"
f_99a3d5ed,default,speaking-club-8,mg1mo92vv,"School Admin",media,audio-message-1768944296809.webm,audio/mp4,86634,/uploads/1768944296821-a3c62b1f1ab0b87f952cd586.m4a,0,0,,"2026-01-20 21:24:56","2026-01-20 21:24:56"
f_5f75d780,default,speaking-club-8,mykav5sgw,"School Admin",media,audio-message-1768944822863.webm,audio/mp4,96031,/uploads/1768944822880-133190069248f33662ace9bc.m4a,0,0,,"2026-01-20 21:33:42","2026-01-20 21:33:42"
f_1bf6216b,default,speaking-club-8,m31d9tbpe,"School Admin",media,audio-message-1768944841961.webm,audio/mp4,84639,/uploads/1768944841978-3057c09e49d8b332860632f4.m4a,0,0,,"2026-01-20 21:34:02","2026-01-20 21:34:02"
f_5eca566,default,speaking-club-8,mpiimvihx,"School Admin",media,audio-message-1768945442724.webm,audio/mp4,136810,/uploads/1768945442744-368e5c1a228e21358ad30289.m4a,0,0,,"2026-01-20 21:44:02","2026-01-20 21:44:02"
f_269e033d,default,speaking-club-8,mq4oxcn0y,"School Admin",media,audio-message-1768946260568.webm,audio/mp4,105675,/uploads/1768946260605-60d66415929b98c087828111.m4a,0,0,,"2026-01-20 21:57:40","2026-01-20 21:57:40"
f_2c262f0e,default,speaking-club-8,mf2ts5aep,"School Admin",media,audio-message-1768946456686.webm,audio/mp4,65017,/uploads/1768946456705-fd194eb1c80536e94a1cb30f.m4a,0,0,,"2026-01-20 22:00:56","2026-01-20 22:00:56"
f_bc5decb9,default,speaking-club-8,md9wbo02x,"School Admin",media,audio-message-1768946564119.webm,audio/mp4,63877,/uploads/1768946564145-c094fb405931c9ab86005eb5.m4a,0,0,,"2026-01-20 22:02:44","2026-01-20 22:02:44"
f_7260e3ea,default,speaking-club-8,mqi6xvlpk,"School Admin",media,audio-message-1768946568240.webm,audio/mp4,21488,/uploads/1768946568250-ce88a9695e9ba62127c29eb9.m4a,0,0,,"2026-01-20 22:02:48","2026-01-20 22:02:48"
f_105f8c89,default,speaking-club-8,mx9dtnw6n,"School Admin",media,audio-message-1768947019671.webm,audio/mp4,45852,/uploads/1768947019690-8a2b2cea787ded7fdd9dc522.m4a,0,0,,"2026-01-20 22:10:19","2026-01-20 22:10:19"
f_15e7788c,default,speaking-club-8,mcl4awykj,"School Admin",media,audio-message-1768947282140.webm,audio/mp4,38334,/uploads/1768947282152-72018d1d9beb2a23ba97f829.m4a,0,0,,"2026-01-20 22:14:42","2026-01-20 22:14:42"
f_b06e1ee1,default,speaking-club-8,mkpze6x27,"School Admin",media,audio-message-1768947708394.webm,audio/mp4,75603,/uploads/1768947708409-14a5ac55511064d99f61e1d1.m4a,0,0,,"2026-01-20 22:21:48","2026-01-20 22:21:48"
f_37257746,default,speaking-club-8,mpo7xi318,"School Admin",media,audio-message-1768947846442.webm,audio/mp4,24551,/uploads/1768947846454-aa10e195293638cc91ef1d2c.m4a,0,0,,"2026-01-20 22:24:06","2026-01-20 22:24:06"
f_d8418421,default,speaking-club-8,msusvtu5t,"School Admin",media,audio-message-1768947879427.webm,audio/mp4,41066,/uploads/1768947879441-98eacae443485ec8d2f5551c.m4a,0,0,,"2026-01-20 22:24:39","2026-01-20 22:24:39"
f_e5d65b01,default,speaking-club-8,m88bel2zn,"School Admin",media,audio-message-1768947915415.webm,audio/mp4,48729,/uploads/1768947915427-14d347236e6d2e6429a052e8.m4a,0,0,,"2026-01-20 22:25:15","2026-01-20 22:25:15"
f_271e89d1,default,speaking-club-8,mcwoj67ys,"School Admin",media,audio-message-1768947982324.webm,audio/mp4,33474,/uploads/1768947982331-84c59da966c8af08e9dbe70a.m4a,0,0,,"2026-01-20 22:26:22","2026-01-20 22:26:22"
f_8db5adf0,default,speaking-club-8,m7f9tjp01,"School Admin",media,audio-message-1768948024107.webm,audio/mp4,46865,/uploads/1768948024116-4682baf4913cdba5f228ed62.m4a,0,0,,"2026-01-20 22:27:04","2026-01-20 22:27:04"
f_43e995e1,default,speaking-club-8,mirut63ra,"School Admin",media,audio-message-1768948271426.webm,audio/mp4,15891,/uploads/1768948271450-f59bb0523261489cb7cca787.m4a,0,0,,"2026-01-20 22:31:11","2026-01-20 22:31:11"
f_a176ce70,default,speaking-club-8,m9piq3j00,"School Admin",media,audio-message-1768948275425.webm,audio/mp4,27398,/uploads/1768948275432-52c600c3abb327afaf2b76fe.m4a,0,0,,"2026-01-20 22:31:15","2026-01-20 22:31:15"
f_dfc4dde7,default,a2-morning,mzbc8qd43,"School Admin",media,audio-message-1768951803435.webm,audio/mp4,63571,/uploads/1768951803460-ff27e4c783d34227bcefcb52.m4a,0,0,,"2026-01-20 23:30:05","2026-01-20 23:30:05"
f_c216e70f,default,speaking-club-8,mo4850u1g,"School Admin",media,audio-message-1768952488216.webm,audio/mp4,72299,/uploads/1768952488231-819bad541c786edb4b565316.m4a,0,0,,"2026-01-20 23:41:28","2026-01-20 23:41:28"
f_8c328ca4,default,speaking-club-8,m325tw3sy,"School Admin",media,audio-message-1768952924022.webm,audio/mp4,53270,/uploads/1768952924050-a55ec1c2ee2966a4f6472b73.m4a,0,0,,"2026-01-20 23:48:44","2026-01-20 23:48:44"
f_204836a6,default,speaking-club-8,mail6bmec,"Luca Orio",media,audio-message-1768953004672.webm,audio/mp4,74983,/uploads/1768953004704-c9d8b38303667f8f5b295926.m4a,0,0,,"2026-01-20 23:50:04","2026-01-20 23:50:04"
f_67f7a917,default,speaking-club-8,mwv65m85y,"Luca Orio",media,audio-message-1768953059849.webm,audio/mp4,24064,/uploads/1768953059883-f7e51189c43a570ebda53039.m4a,0,0,,"2026-01-20 23:50:59","2026-01-20 23:50:59"
f_3d24496b,default,speaking-club-8,mmf8it2ux,"Luca Orio",media,audio-message-1768953068897.webm,audio/mp4,16956,/uploads/1768953068914-2f0bc1782b6b198a4d01f736.m4a,0,0,,"2026-01-20 23:51:08","2026-01-20 23:51:08"
f_fed58290,default,speaking-club-8,m17nkpkj1,"Luca Orio",media,audio-message-1768953177994.webm,audio/mp4,48598,/uploads/1768953178005-126939ec3cb4447ce85ed30f.m4a,0,0,,"2026-01-20 23:52:58","2026-01-20 23:52:58"
f_b343ca4d,default,speaking-club-8,mfyi9jxt6,"Luca Orio",media,audio-message-1768953187027.webm,audio/mp4,23483,/uploads/1768953187037-4c349a0c2c8cfa9ac8fb847d.m4a,0,0,,"2026-01-20 23:53:07","2026-01-20 23:53:07"
f_9025b337,default,speaking-club-8,mhdfp7wnt,"Luca Orio",media,audio-message-1768953190210.webm,audio/mp4,16651,/uploads/1768953190218-3191731ca0d9fc694cbb08dc.m4a,0,0,,"2026-01-20 23:53:10","2026-01-20 23:53:10"
f_96e760d5,default,speaking-club-8,mz3juk4j8,"Luca Orio",media,audio-message-1768953195078.webm,audio/mp4,33237,/uploads/1768953195104-0945ce8cbc5ac2104adee688.m4a,0,0,,"2026-01-20 23:53:15","2026-01-20 23:53:15"
f_e3249829,default,speaking-club-8,msl5vewvx,"Md Golam Rabbani",media,audio-message-1768953219398.webm,audio/mp4,27793,/uploads/1768953219412-2f30c1e665eae369c8f68e23.m4a,0,0,,"2026-01-20 23:53:39","2026-01-20 23:53:39"
f_9d8aaa63,default,speaking-club-8,my0czhan7,"School Admin",media,audio-message-1769013557718.webm,audio/mp4,37618,/uploads/1769013557736-daf7945263c1ea979d9fbcd0.m4a,0,0,,"2026-01-21 16:39:18","2026-01-21 16:39:18"
f_54d6ac2e,default,speaking-club-8,mobt1py31,"School Admin",media,audio-message-1769013562400.webm,audio/mp4,34216,/uploads/1769013562405-f50d7c0ff72b0206fffdba40.m4a,0,0,,"2026-01-21 16:39:22","2026-01-21 16:39:22"
f_c732b577,default,speaking-club-8,mj0aqmmq1,"School Admin",media,audio-message-1769013566314.webm,audio/mp4,34096,/uploads/1769013566325-0c2086f362396660d1c4434c.m4a,0,0,,"2026-01-21 16:39:26","2026-01-21 16:39:26"
f_5587dc98,default,speaking-club-8,mq0byktjy,"School Admin",media,audio-message-1769013573783.webm,audio/mp4,25396,/uploads/1769013573789-423567581a3699c5ac2bb5af.m4a,0,0,,"2026-01-21 16:39:33","2026-01-21 16:39:33"
f_d177aac7,default,speaking-club-8,mdkf62rb3,"School Admin",media,audio-message-1769013780766.webm,audio/mp4,43203,/uploads/1769013780780-9e23d9cfa5a636e48b9d5f91.m4a,0,0,,"2026-01-21 16:43:00","2026-01-21 16:43:00"
f_52a93cbc,default,speaking-club-8,mq39mmopu,"School Admin",media,audio-message-1769018925048.webm,audio/mp4,55748,/uploads/1769018925070-eb3b953b4e41845af8e20c9e.m4a,0,0,,"2026-01-21 18:08:45","2026-01-21 18:08:45"
f_41edd3dc,default,speaking-club-8,mxp8qo9jb,"School Admin",media,audio-message-1769020594163.webm,audio/mp4,60425,/uploads/1769020594175-7ed8c69ce983b138193f0989.m4a,0,0,,"2026-01-21 18:36:34","2026-01-21 18:36:34"
f_a1d60a1b,default,learning-materials,mic4wkobq,"School Admin",media,Auf_jeden_Fall_A1.1_Loesungen_KB_AB.pdf,application/pdf,769584,/uploads/1769022141009-ac7d282af87d6388c2479e10.pdf,0,0,,"2026-01-21 19:02:26","2026-01-21 19:02:26"
f_5c1b8487,default,learning-materials,mic4wkobq,"School Admin",media,Auf_jeden_Fall_A1.1_Transkripte_Videos.pdf,application/pdf,517100,/uploads/1769022141017-1df83cf849e36ed8d57e65e0.pdf,0,0,,"2026-01-21 19:02:26","2026-01-21 19:02:26"
f_2fb0b2be,default,learning-materials,mic4wkobq,"School Admin",media,Auf_jeden_Fall_A1.2_Loesungen_KB_AB.pdf,application/pdf,147016,/uploads/1769022141020-ef3d09e70078979d5950c7ea.pdf,0,0,,"2026-01-21 19:02:26","2026-01-21 19:02:26"
f_9e316316,default,learning-materials,mic4wkobq,"School Admin",media,Auf_jeden_Fall_A1.2_Transkripte_Videos.pdf,application/pdf,518765,/uploads/1769022141021-f062e3fe09ff004d06728d1a.pdf,0,0,,"2026-01-21 19:02:26","2026-01-21 19:02:26"
f_303cf1,default,learning-materials,mic4wkobq,"School Admin",media,Auf_jeden_Fall_B1.2_Hoertexte_KB_AB.pdf,application/pdf,538724,/uploads/1769022141022-e0629cb292e09e1bae7bf191.pdf,0,0,,"2026-01-21 19:02:26","2026-01-21 19:02:26"
f_b5cb9305,default,learning-materials,mic4wkobq,"School Admin",media,Einfach_gut_A1.1_Wortschatzliste_Englisch.pdf,application/pdf,125574,/uploads/1769022141026-cf9724f49adcd424be849dee.pdf,0,0,,"2026-01-21 19:02:26","2026-01-21 19:02:26"
f_7e666603,default,learning-materials,mic4wkobq,"School Admin",media,"German verb with preposition A1.pdf",application/pdf,527107,/uploads/1769022141026-115936ad6c44340932d2e9cd.pdf,0,0,,"2026-01-21 19:02:26","2026-01-21 19:02:26"
f_6463f4b0,default,learning-materials,mic4wkobq,"School Admin",media,telc_Anleitung_BlinkLearning_web.pdf,application/pdf,5115152,/uploads/1769022141027-bd4bd6484a5fa176a10db82a.pdf,0,0,,"2026-01-21 19:02:26","2026-01-21 19:02:26"
f_5effc483,default,speaking-club-8,m0a6jjpdv,u5wkhet6w,media,audio-message-1769035241155.webm,audio/mp4,77580,/uploads/1769035241175-556ba5b2f3b6563c161fd836.m4a,0,0,,"2026-01-21 22:40:41","2026-01-21 22:40:41"
f_34e1f29c,default,speaking-club-8,mbyktcbzi,uyshv0srx,media,audio-message-1769044253264.webm,audio/mp4,31786,/uploads/1769044253273-0b49030f4f7365e3cb317ae2.m4a,0,0,,"2026-01-22 01:10:53","2026-01-22 01:10:53"
f_c219e7f0,sprachschule-duisburg,speaking-club-8,mh5xhd8up,u5wkhet6w,material,audio-message-1769689613831.webm,audio/mp4,129357,/uploads/1769689613865-d5835e6bbba72cb07a10fa0a.m4a,0,0,,"2026-01-29 12:26:55","2026-01-29 12:26:55"
f_8da03878,sprachschule-duisburg,b2-morning-1,m2icgldjx,uyshv0srx,media,audio-message-1769693681673.webm,audio/mp4,64823,/uploads/1769693681720-7027cf7aec76215dac58e125.m4a,0,0,,"2026-01-29 13:34:44","2026-01-29 13:34:44"
f_390b96fd,sprachschule-duisburg,b1-morning-1,mvyerx93o,uyshv0srx,media,beschaeftigung.pdf,application/pdf,435484,/uploads/1770823592186-5446cf286a6c2671e5bd8771.pdf,0,0,,"2026-02-11 15:26:34","2026-02-11 15:26:34"
f_977e084f,sprachschule-duisburg,learning-materials,misl6wddz,uyshv0srx,material,"1 Year Bachelor in LLB Transcript 2 Semester.pdf",application/pdf,864654,/uploads/1771720653908-75934b35f04ead16f92e1ec5.pdf,0,0,,"2026-02-22 00:37:37","2026-02-22 00:37:37"
f_3d5287cc,sprachschule-duisburg,learning-materials,momi1vy1h,uyshv0srx,material,119376-F-1_20251214200518.pdf,application/pdf,139332,/uploads/1771720675027-35cbeced307262f49b0be6ae.pdf,0,0,,"2026-02-22 00:37:57","2026-02-22 00:37:57"
f_e9921e41,sprachschule-duisburg,learning-materials,momi1vy1h,uyshv0srx,material,1768176833993-aff8b0c6989ddd8d35e580f1.pdf,application/pdf,864654,/uploads/1771720675029-e4542dafdb06036c3c7d8558.pdf,0,0,,"2026-02-22 00:37:57","2026-02-22 00:37:57"
f_b66a9c3e,sprachschule-duisburg,learning-materials,momi1vy1h,uyshv0srx,material,"1768177773786-c6f7c80dd68d930958af3d17 (1).pdf",application/pdf,139332,/uploads/1771720675036-dc26bdbd70195f6ee38002fa.pdf,0,0,,"2026-02-22 00:37:57","2026-02-22 00:37:57"
f_d55efce0,sprachschule-duisburg,learning-materials,momi1vy1h,uyshv0srx,material,1768177773786-c6f7c80dd68d930958af3d17.pdf,application/pdf,139332,/uploads/1771720675037-b83f3ec4a74d2f17eec98b7e.pdf,0,0,,"2026-02-22 00:37:57","2026-02-22 00:37:57"
f_2e9bc67d,sprachschule-duisburg,learning-materials,momi1vy1h,uyshv0srx,material,"Alle Bescheidtypen drucken_282797_RequestSubject_81077 (1).pdf",application/pdf,485681,/uploads/1771720675038-47a8053e4e09ffb79f197163.pdf,0,0,,"2026-02-22 00:37:57","2026-02-22 00:37:57"
f_bd7a5ebb,sprachschule-duisburg,learning-materials,momi1vy1h,uyshv0srx,material,"Alle Bescheidtypen drucken_282797_RequestSubject_81077 (2).pdf",application/pdf,485681,/uploads/1771720675041-e5f3a0089f778e0a598f4806.pdf,0,0,,"2026-02-22 00:37:57","2026-02-22 00:37:57"
f_25bb0d2e,sprachschule-duisburg,learning-materials,momi1vy1h,uyshv0srx,material,"Alle Bescheidtypen drucken_282797_RequestSubject_81077 (3).pdf",application/pdf,485681,/uploads/1771720675043-493a5c86a58c07489f8cae55.pdf,0,0,,"2026-02-22 00:37:57","2026-02-22 00:37:57"
f_bccc5bb2,sprachschule-duisburg,learning-materials,momi1vy1h,uyshv0srx,material,"Alle Bescheidtypen drucken_282797_RequestSubject_81077.pdf",application/pdf,485681,/uploads/1771720675044-c7c490577602abc51a20210e.pdf,0,0,,"2026-02-22 00:37:57","2026-02-22 00:37:57"
f_7bb14a62,sprachschule-duisburg,learning-materials,momi1vy1h,uyshv0srx,material,Antragsformular_79990a93_b061_4555_81c8_a65b0f881b82.pdf,application/pdf,8101,/uploads/1771720675047-fb2a9ba5fdb9fa6749d3813b.pdf,0,0,,"2026-02-22 00:37:57","2026-02-22 00:37:57"
f_54e1aab7,sprachschule-duisburg,speaking-practice,m6bta2gs1,uyshv0srx,material,audio-message-1771979569777.webm,audio/mp4,96826,/uploads/1771979569795-545a640314371c34f9328fc5.m4a,0,0,,"2026-02-25 00:32:52","2026-02-25 00:32:52"
f_8789970f,sprachschule-duisburg,c2-morning-1,mvacvtxbg,uyshv0srx,media,video-message-1772072326703.webm,video/mp4,328595,/uploads/1772072326729-f8edb0f65e73b045ad3c7dd9.mp4,0,0,,"2026-02-26 02:18:49","2026-02-26 02:18:49"
f_d54b7181,sprachschule-duisburg,learning-materials,mesja3vtd,uyshv0srx,material,d50465D4F00F0DSWIN1.pdf,application/pdf,84486,/uploads/1772278564200-e1fd861ac5ad49bf2ce04301.pdf,0,0,,"2026-02-28 11:36:06","2026-02-28 11:36:06"
f_ce03b0f4,sprachschule-duisburg,learning-materials,m3iaf2ree,uyshv0srx,material,"01 Netzwerk-A1-Kursbuch.pdf",application/pdf,27036766,/uploads/1774478674721-4b4ebfb6cabcc16a16c7e025.pdf,0,0,,"2026-03-25 22:44:36","2026-03-25 22:44:36"
f_af411e31,sprachschule-duisburg,a1-nood-homework,homework-item:hwi5y1jzho2,uyshv0srx,homework,attachment,application/octet-stream,227112,/uploads/1774529634355-ed7561371fbe7a7bf7df4643.pdf,0,0,,"2026-03-26 12:53:56","2026-03-26 12:53:56"
f_3450ef66,sprachschule-duisburg,a1-nood-homework,homework-submission:hws98o7j3qu,ubmz6ih1e,homework_submission,attachment,application/octet-stream,609069,/uploads/1774529692166-25047496b464a206ac393b06.pdf,0,0,,"2026-03-26 12:54:54","2026-03-26 12:54:54"
f_14331787,sprachschule-duisburg,a1-nood-homework,homework-item:hwi5y1jzho2,uyshv0srx,homework_solution,attachment,application/octet-stream,84486,/uploads/1774999140538-619ebd981b73f687663fc8c6.pdf,0,0,,"2026-03-31 23:19:02","2026-03-31 23:19:02"
f_8952f214,sprachschule-duisburg,a1-nood-homework,homework-item:hwi6tupkbkj,uyshv0srx,homework,attachment,application/octet-stream,227112,/uploads/1774999340352-74d61bba39344837d83f9cc1.pdf,0,0,,"2026-03-31 23:22:22","2026-03-31 23:22:22"
f_a8ecf5e0,sprachschule-duisburg,a1-nood-homework,homework-item:hwi5y1jzho2,uyshv0srx,homework,Healthinsurance.jpg,image/jpeg,399923,/uploads/1774999643585-5f3f616e7a633cf3a6d77020.jpg,0,0,,"2026-03-31 23:27:35","2026-03-31 23:27:35"
f_e127fc9b,sprachschule-duisburg,a1-nood-homework,homework-item:hwi5y1jzho2,uyshv0srx,homework_solution,Solution_Task1.pdf,application/pdf,84486,/uploads/1774999652439-9ebc55bf4066c9fc5881887c.pdf,0,0,,"2026-03-31 23:27:35","2026-03-31 23:27:35"
f_62de2a85,sprachschule-duisburg,learning-materials,m4uumubh7,uyshv0srx,material,"01 Netzwerk-A1-Kursbuch.pdf",application/pdf,27036766,/uploads/1775328413604-6c58fc3197ca6275e7290a8d.pdf,0,0,,"2026-04-04 18:46:55","2026-04-04 18:46:55"
f_b86a9c31,sprachschule-duisburg,learning-materials,m4uumubh7,uyshv0srx,material,"Linie Neu A1.pdf",application/pdf,56150519,/uploads/1775328413656-651221571dfd461ec18114f3.pdf,0,0,,"2026-04-04 18:46:55","2026-04-04 18:46:55"
f_c0bc23b8,sprachschule-duisburg,learning-materials,m4uumubh7,uyshv0srx,material,"Menschen A1-1 KB [einfach.ir].pdf",application/pdf,20110457,/uploads/1775328413741-5addbafa103956a06942ca25.pdf,0,0,,"2026-04-04 18:46:55","2026-04-04 18:46:55"
f_bc75670a,sprachschule-duisburg,learning-materials,m4uumubh7,uyshv0srx,material,"Menschen A1-2 KB [einfach.ir] (1).pdf",application/pdf,17824381,/uploads/1775328413769-861781975f24e83cb0a8f729.pdf,0,0,,"2026-04-04 18:46:55","2026-04-04 18:46:55"
f_b11c6613,sprachschule-duisburg,learning-materials,m4uumubh7,uyshv0srx,material,Netzwerk-neu-a1-kursbuch.pdf,application/pdf,15992473,/uploads/1775328413796-8c08d664e5ba6bedc0a2c65d.pdf,0,0,,"2026-04-04 18:46:55","2026-04-04 18:46:55"
f_2a1e88ad,sprachschule-duisburg,learning-materials,m4uumubh7,uyshv0srx,material,Netzwerk-neu-a1-kursbuchMain-Book(Marked).pdf,application/pdf,22209535,/uploads/1775328413817-8eca7fe7782e1419916fd936.pdf,0,0,,"2026-04-04 18:46:55","2026-04-04 18:46:55"
f_32938d51,sprachschule-duisburg,learning-materials,m4uumubh7,uyshv0srx,material,Schritte_plus_neu_A1_1_compressed.pdf,application/pdf,27866232,/uploads/1775328413847-98623248b64979a3035feaac.pdf,0,0,,"2026-04-04 18:46:55","2026-04-04 18:46:55"
f_5712d68,sprachschule-duisburg,learning-materials,m4uumubh7,uyshv0srx,material,Schritte-plus-neu-a1_2_compressed.pdf,application/pdf,31435377,/uploads/1775328413884-59510868b3647b8f6a05f398.pdf,0,0,,"2026-04-04 18:46:55","2026-04-04 18:46:55"
f_4515e7dc,sprachschule-duisburg,learning-materials,m4uumubh7,uyshv0srx,material,"Spektrum Deutsch A1 Kurs- und Arbeitsbuch.pdf",application/pdf,101042094,/uploads/1775328413925-ca175c07c47e9d25a60525be.pdf,0,0,,"2026-04-04 18:46:55","2026-04-04 18:46:55"
f_c06b6cb,sprachschule-duisburg,learning-materials,m4uumubh7,uyshv0srx,material,"à¦à¦¾à¦°à§à¦®à¦¾à¦¨ à¦­à¦¾à¦·à¦¾ à¦¶à¦¿à¦à§à¦·à¦¾ A1.pdf",application/pdf,31055102,/uploads/1775328414041-a45a65c1c45331f5da3a9cc6.pdf,0,0,,"2026-04-04 18:46:55","2026-04-04 18:46:55"
f_8ec81c6a,sprachschule-duisburg,learning-materials,mlbyhbbza,uyshv0srx,material,"A Grammatik.pdf",application/pdf,28800103,/uploads/1775331389053-29c5d71d482360945abf81a4.pdf,0,0,,"2026-04-04 19:36:29","2026-04-04 19:36:29"
f_ca37f6e6,sprachschule-duisburg,learning-materials,mlbyhbbza,uyshv0srx,material,"Linie Neu A2.1.pdf",application/pdf,34313711,/uploads/1775331389112-1a407b13282c89d73fb3800b.pdf,0,0,,"2026-04-04 19:36:29","2026-04-04 19:36:29"
f_eadbe989,sprachschule-duisburg,learning-materials,mlbyhbbza,uyshv0srx,material,"Linie Neu A2.2.pdf",application/pdf,33942230,/uploads/1775331389180-d55add2e77e2fdc290adb692.pdf,0,0,,"2026-04-04 19:36:29","2026-04-04 19:36:29"
f_800d0b5e,sprachschule-duisburg,learning-materials,mlbyhbbza,uyshv0srx,material,"Menschen A2.1 Kursbuch.pdf",application/pdf,12072603,/uploads/1775331389230-70bbe385b6b3981b6a5f0281.pdf,0,0,,"2026-04-04 19:36:29","2026-04-04 19:36:29"
f_c23743f7,sprachschule-duisburg,learning-materials,mlbyhbbza,uyshv0srx,material,"Menschen A2.2 KB [einfach.ir].pdf",application/pdf,16098065,/uploads/1775331389245-5c43a92ba9b12295c7dd4db3.pdf,0,0,,"2026-04-04 19:36:29","2026-04-04 19:36:29"
f_e125d769,sprachschule-duisburg,learning-materials,mlbyhbbza,uyshv0srx,material,"Netzwerk Neu A2 Kursbuch.pdf",application/pdf,27108694,/uploads/1775331389269-f397352b5ce8fb692c4c05de.pdf,0,0,,"2026-04-04 19:36:29","2026-04-04 19:36:29"
f_c3ff2a6,sprachschule-duisburg,learning-materials,mlbyhbbza,uyshv0srx,material,Schritte_plus_neu_A2_1_compressed.pdf,application/pdf,31327367,/uploads/1775331389308-2965e3c9e4dbe06c9f586b90.pdf,0,0,,"2026-04-04 19:36:29","2026-04-04 19:36:29"
f_563f8b73,sprachschule-duisburg,learning-materials,mlbyhbbza,uyshv0srx,material,Schritte_plus_neu_A2_2_1_compressed.pdf,application/pdf,32453391,/uploads/1775331389358-e62a5b8e8ab52d3258b4c987.pdf,0,0,,"2026-04-04 19:36:29","2026-04-04 19:36:29"
f_f6caa0f6,sprachschule-duisburg,learning-materials,mlbyhbbza,uyshv0srx,material,"Spektrum A2+.pdf",application/pdf,77934248,/uploads/1775331389410-556dfcc1cbb29177f608d84a.pdf,0,0,,"2026-04-04 19:36:29","2026-04-04 19:36:29"
f_5ccad210,sprachschule-duisburg,learning-materials,mg2k41upn,uyshv0srx,material,"A1-A2 Mit Erfolg zu Start Deutsch.pdf",application/pdf,42619999,/uploads/1775331411704-a3b9b0ababbcc6e456394df9.pdf,0,0,,"2026-04-04 19:36:52","2026-04-04 19:36:52"
f_44dfd3f4,sprachschule-duisburg,learning-materials,mg2k41upn,uyshv0srx,material,"Fit fuÌrs Goethe-Zertifikat A2 Lehrbuch mit Audios online.pdf",application/pdf,4498549,/uploads/1775331411768-5a115e820725ba9c5a397614.pdf,0,0,,"2026-04-04 19:36:52","2026-04-04 19:36:52"
f_c58e50bb,sprachschule-duisburg,learning-materials,mg2k41upn,uyshv0srx,material,"Mit Erfolg zum Goethe-Zertifikat A2 - 2016 Antwortbogen.pdf",application/pdf,56769,/uploads/1775331411775-e6023ce4d558d983e8290700.pdf,0,0,,"2026-04-04 19:36:52","2026-04-04 19:36:52"
f_ab401d9a,sprachschule-duisburg,learning-materials,mg2k41upn,uyshv0srx,material,"Mit Erfolg zum Goethe-Zertifikat A2 - 2016.pdf",application/pdf,49569030,/uploads/1775331411775-2844688933639c809b01d932.pdf,0,0,,"2026-04-04 19:36:52","2026-04-04 19:36:52"
f_306855b0,sprachschule-duisburg,learning-materials,mg2k41upn,uyshv0srx,material,Netzwerk-neu-A2-ububgsbuch-with-answer.pdf,application/pdf,63859110,/uploads/1775331411848-28a6eee94466eab32541a3eb.pdf,0,0,,"2026-04-04 19:36:52","2026-04-04 19:36:52"
f_6fe74245,sprachschule-duisburg,learning-materials,mg2k41upn,uyshv0srx,material,"PruÌfungstraining A2 Goethe.pdf",application/pdf,51747439,/uploads/1775331411933-2b9d41c968e178e1536f3073.pdf,0,0,,"2026-04-04 19:36:52","2026-04-04 19:36:52"
f_e48cb1db,sprachschule-duisburg,learning-materials,mg2k41upn,uyshv0srx,material,"PruÌfungstraining Goethe-Zertifikat A2.pdf.pdf",application/pdf,17200076,/uploads/1775331412015-393a7b0421f55bcf45890d87.pdf,0,0,,"2026-04-04 19:36:52","2026-04-04 19:36:52"
f_b22a1a2f,sprachschule-duisburg,learning-materials,m4kew2yrx,uyshv0srx,material,"A2 Glossary Book Bangla.pdf",application/pdf,2476536,/uploads/1775331435605-e993f597c98fc919a745f985.pdf,0,0,,"2026-04-04 19:37:15","2026-04-04 19:37:15"
f_b2ae0b0e,sprachschule-duisburg,learning-materials,m4kew2yrx,uyshv0srx,material,Glossar-A2.pdf,application/pdf,7385111,/uploads/1775331435618-954038acf399c4e5e818fb77.pdf,0,0,,"2026-04-04 19:37:15","2026-04-04 19:37:15"
f_7851eb9a,sprachschule-duisburg,learning-materials,m4kew2yrx,uyshv0srx,material,"Goethe-Zertifikat A2, Wortliste.pdf",application/pdf,411290,/uploads/1775331435642-9eac01c6c3017eb395de3d9f.pdf,0,0,,"2026-04-04 19:37:15","2026-04-04 19:37:15"
f_87238997,sprachschule-duisburg,learning-materials,m4kew2yrx,uyshv0srx,material,Masum(prefix+same).pdf.pdf,application/pdf,636645,/uploads/1775331435643-2df24b65495ed20a7b46cd8e.pdf,0,0,,"2026-04-04 19:37:15","2026-04-04 19:37:15"
f_6da030d2,sprachschule-duisburg,learning-materials,m4kew2yrx,uyshv0srx,material,"Menschen A2.1 Glossar XXL Deutsch-Englisch.pdf",application/pdf,1037160,/uploads/1775331435646-7e20f663cabc2d8a1cda137d.pdf,0,0,,"2026-04-04 19:37:15","2026-04-04 19:37:15"
f_8f7821ee,sprachschule-duisburg,learning-materials,m4kew2yrx,uyshv0srx,material,"Menschen A2.2 Glossar XXL Deutsch-Englisch.pdf",application/pdf,735470,/uploads/1775331435651-0041b2024c44ef5a978ccb25.pdf,0,0,,"2026-04-04 19:37:15","2026-04-04 19:37:15"
f_631594f4,sprachschule-duisburg,learning-materials,m4kew2yrx,uyshv0srx,material,"Netzwerk neu A2 bangla glossar-1.pdf",application/pdf,34613994,/uploads/1775331435653-9dbca8f93f29e9cdb3b1651a.pdf,0,0,,"2026-04-04 19:37:15","2026-04-04 19:37:15"
f_eadebeb7,sprachschule-duisburg,learning-materials,m4kew2yrx,uyshv0srx,material,"Schritte_int_Neu A2_Glossar_Deutsch_Englisch.pdf",application/pdf,723701,/uploads/1775331435723-d2ea3600f817fb6fb5b5295d.pdf,0,0,,"2026-04-04 19:37:15","2026-04-04 19:37:15"
f_8331b316,sprachschule-duisburg,learning-materials,m4kew2yrx,uyshv0srx,material,"UnregelmaÌÃige-starke-deutsche-Verben-Liste-Sprachniveau-A2-Deutsch-deutschlernerblog.pdf",application/pdf,439516,/uploads/1775331435726-82428848d75681c5e814f12a.pdf,0,0,,"2026-04-04 19:37:15","2026-04-04 19:37:15"
f_81427e50,sprachschule-duisburg,learning-materials,m4kew2yrx,uyshv0srx,material,"Verb List_A2- Glossar Buch.pdf",application/pdf,1238197,/uploads/1775331435729-7d703b73fa400efe10da22b4.pdf,0,0,,"2026-04-04 19:37:15","2026-04-04 19:37:15"
f_dfd40cbe,sprachschule-duisburg,learning-materials,m3k4md9xu,uyshv0srx,material,"Aspekte Neu B1 Plus.pdf",application/pdf,16601163,/uploads/1775332092737-7d63aaab747e6e6f0738f239.pdf,0,0,,"2026-04-04 19:48:14","2026-04-04 19:48:14"
f_9817dab8,sprachschule-duisburg,learning-materials,m3k4md9xu,uyshv0srx,material,"Begegnungen B1+.pdf",application/pdf,84263584,/uploads/1775332092795-d6de138f5a0191879b5960e3.pdf,0,0,,"2026-04-04 19:48:14","2026-04-04 19:48:14"
f_1fcc2463,sprachschule-duisburg,learning-materials,m3k4md9xu,uyshv0srx,material,Einfach_schreiben_A2-B1.pdf,application/pdf,32493702,/uploads/1775332092927-a4473db22fe7073fc1b0dc96.pdf,0,0,,"2026-04-04 19:48:14","2026-04-04 19:48:14"
f_22057911,sprachschule-duisburg,learning-materials,m3k4md9xu,uyshv0srx,material,Einfach_sprechen_A2-B1.pdf,application/pdf,40098714,/uploads/1775332092977-0f2513216d8f071f8dddff4a.pdf,0,0,,"2026-04-04 19:48:14","2026-04-04 19:48:14"
f_36e32ff9,sprachschule-duisburg,learning-materials,m3k4md9xu,uyshv0srx,material,"Fokus Deutsch B1+.pdf",application/pdf,63126495,/uploads/1775332093062-da5510a093f741d93b0b4f36.pdf,0,0,,"2026-04-04 19:48:14","2026-04-04 19:48:14"
f_cca79c64,sprachschule-duisburg,learning-materials,m3k4md9xu,uyshv0srx,material,"Grammatik Aktiv A1-B1.pdf",application/pdf,84522077,/uploads/1775332093177-efeefd25831e551a22a923d8.pdf,0,0,,"2026-04-04 19:48:14","2026-04-04 19:48:14"
f_b14e402e,sprachschule-duisburg,learning-materials,m3k4md9xu,uyshv0srx,material,"Grammatik Aktiv B1+.pdf",application/pdf,21271250,/uploads/1775332093310-f30e27dd13a6474f1b5b089a.pdf,0,0,,"2026-04-04 19:48:14","2026-04-04 19:48:14"
f_8f121779,sprachschule-duisburg,learning-materials,m3k4md9xu,uyshv0srx,material,"Grammatik Netzwerk Neu A1-B1.pdf",application/pdf,26227908,/uploads/1775332093360-f4d326080de1d373f04b6e34.pdf,0,0,,"2026-04-04 19:48:14","2026-04-04 19:48:14"
f_c73fe92c,sprachschule-duisburg,learning-materials,m3k4md9xu,uyshv0srx,material,"Kompass DaF B1+.pdf",application/pdf,31995730,/uploads/1775332093428-8d34007e12325205e7f348e9.pdf,0,0,,"2026-04-04 19:48:14","2026-04-04 19:48:14"
f_e763ac08,sprachschule-duisburg,learning-materials,m3k4md9xu,uyshv0srx,material,"Kontext B1+ Kursbuch.pdf",application/pdf,20325820,/uploads/1775332093478-8b15e01dfac51044a5df0e6a.pdf,0,0,,"2026-04-04 19:48:14","2026-04-04 19:48:14"
f_d3e37cc7,sprachschule-duisburg,learning-materials,m3k4md9xu,uyshv0srx,material,"Linie Neu B1.1.pdf",application/pdf,29445578,/uploads/1775332093524-1c495675444278b263439b4d.pdf,0,0,,"2026-04-04 19:48:14","2026-04-04 19:48:14"
f_b425d132,sprachschule-duisburg,learning-materials,m3k4md9xu,uyshv0srx,material,"Linie Neu B1.2.pdf",application/pdf,55732977,/uploads/1775332093584-4f1f56b25c6f0e8f5cc20147.pdf,0,0,,"2026-04-04 19:48:14","2026-04-04 19:48:14"
f_fec4556c,sprachschule-duisburg,learning-materials,m3k4md9xu,uyshv0srx,material,"Menschen B1.1 Kursbuch.pdf",application/pdf,16198588,/uploads/1775332093672-fcd2240b4f29f0397f4d25d0.pdf,0,0,,"2026-04-04 19:48:14","2026-04-04 19:48:14"
f_591b4307,sprachschule-duisburg,learning-materials,m3k4md9xu,uyshv0srx,material,"Menschen B1.2 Kursbuch.pdf",application/pdf,16731405,/uploads/1775332093699-7d0fd25ddca09deae12ca5ab.pdf,0,0,,"2026-04-04 19:48:14","2026-04-04 19:48:14"
f_9fc15c6b,sprachschule-duisburg,learning-materials,m3k4md9xu,uyshv0srx,material,"Netzwerk Neu B1 Intensivtrainer.pdf",application/pdf,23326454,/uploads/1775332093728-c413df1f8d720d846cc520be.pdf,0,0,,"2026-04-04 19:48:14","2026-04-04 19:48:14"
f_2f2150da,sprachschule-duisburg,learning-materials,m3k4md9xu,uyshv0srx,material,"Netzwerk Neu B1 Testheft.pdf",application/pdf,5543097,/uploads/1775332093766-900fc074ecf56f362ee42546.pdf,0,0,,"2026-04-04 19:48:14","2026-04-04 19:48:14"
f_aefe63f7,sprachschule-duisburg,learning-materials,m3k4md9xu,uyshv0srx,material,"Netzwerk Neu B1 UÌbungsbuch.pdf",application/pdf,9230594,/uploads/1775332093777-02f61655116f49461d553f02.pdf,0,0,,"2026-04-04 19:48:14","2026-04-04 19:48:14"
f_3a299ce6,sprachschule-duisburg,learning-materials,m3k4md9xu,uyshv0srx,material,"Netzwerk Neu B1.pdf",application/pdf,45036568,/uploads/1775332093793-a009940d742c2ffb6b8d3fa0.pdf,0,0,,"2026-04-04 19:48:14","2026-04-04 19:48:14"
f_defcdc93,sprachschule-duisburg,learning-materials,m3k4md9xu,uyshv0srx,material,"Panorama B1.pdf",application/pdf,15538622,/uploads/1775332093875-4688b9067a125ca9574b60bf.pdf,0,0,,"2026-04-04 19:48:14","2026-04-04 19:48:14"
f_ddbd0f39,sprachschule-duisburg,learning-materials,m3k4md9xu,uyshv0srx,material,"Redemittels B1 Alle.pdf",application/pdf,4550205,/uploads/1775332093899-d1207e58c094a53dbba7de4a.pdf,0,0,,"2026-04-04 19:48:14","2026-04-04 19:48:14"
f_4b2b94b1,sprachschule-duisburg,learning-materials,m3k4md9xu,uyshv0srx,material,"Schritte Plus Neu B1 Intensivtrainer.pdf",application/pdf,12938501,/uploads/1775332093908-dc165bfc0e433296ea23baad.pdf,0,0,,"2026-04-04 19:48:14","2026-04-04 19:48:14"
f_948a1586,sprachschule-duisburg,learning-materials,m3k4md9xu,uyshv0srx,material,"Schritte Plus Neu B1.1.pdf",application/pdf,31564863,/uploads/1775332093927-43c4a369b891d00aed88974d.pdf,0,0,,"2026-04-04 19:48:14","2026-04-04 19:48:14"
f_42fe972,sprachschule-duisburg,learning-materials,m3k4md9xu,uyshv0srx,material,"Schritte plus neu B1.2.pdf",application/pdf,31913415,/uploads/1775332093990-6b2fb35b4ad8b3c0f71a81ed.pdf,0,0,,"2026-04-04 19:48:14","2026-04-04 19:48:14"
f_e5860489,sprachschule-duisburg,learning-materials,m3k4md9xu,uyshv0srx,material,"SICHER B1+ Kursbuch.pdf",application/pdf,28294510,/uploads/1775332094052-0ec1c5a30b690c94fd041848.pdf,0,0,,"2026-04-04 19:48:14","2026-04-04 19:48:14"
f_c3546ea1,sprachschule-duisburg,learning-materials,m3k4md9xu,uyshv0srx,material,"Spektrum B1+.pdf",application/pdf,52276278,/uploads/1775332094092-3c40bd5e0c689562c0e8a401.pdf,0,0,,"2026-04-04 19:48:14","2026-04-04 19:48:14"
f_abcd2149,sprachschule-duisburg,learning-materials,m3k4md9xu,uyshv0srx,material,"Sprechtraining B1.pdf",application/pdf,16153436,/uploads/1775332094194-84e28b61eec3adadf1cc69be.pdf,0,0,,"2026-04-04 19:48:14","2026-04-04 19:48:14"
f_155b1fa5,sprachschule-duisburg,learning-materials,m3k4md9xu,uyshv0srx,material,Studio_[21]_B1.pdf,application/pdf,72922769,/uploads/1775332094217-36b0d1b7f9c56066f1e11926.pdf,0,0,,"2026-04-04 19:48:14","2026-04-04 19:48:14"
f_ec989d5d,sprachschule-duisburg,learning-materials,m3k4md9xu,uyshv0srx,material,"Telc Einfach Gut B1.1.pdf",application/pdf,48191223,/uploads/1775332094462-7ab6ad89c7ea04e10e8c58c3.pdf,0,0,,"2026-04-04 19:48:14","2026-04-04 19:48:14"
f_b27e4dc6,sprachschule-duisburg,learning-materials,m3k4md9xu,uyshv0srx,material,"Telc Einfach Gut B1.2.pdf",application/pdf,46584880,/uploads/1775332094561-ee08e8fd0f8280fcce6e1229.pdf,0,0,,"2026-04-04 19:48:14","2026-04-04 19:48:14"
f_28415d37,sprachschule-duisburg,learning-materials,m3k4md9xu,uyshv0srx,material,"Treffpunkt Dialog _ Sprechtraining A1, A2, B1, B2 -- Ludwig Hoffmann -- Berliner Platz NEU, 2014 -- Delta Publishing by Klett_ ein Label von Ernst -- 9783126071253 -- b8eaa67e251146cf251485e35af82426 -- Anna_s Archive.pdf",application/pdf,63547986,/uploads/1775332094632-ac5dd09f0b0dc4c748d564af.pdf,0,0,,"2026-04-04 19:48:14","2026-04-04 19:48:14"
f_875977f0,sprachschule-duisburg,learning-materials,m3k4md9xu,uyshv0srx,material,"Vielfalt B1+.pdf",application/pdf,47944855,/uploads/1775332094740-9878c9735c553f450a4ed002.pdf,0,0,,"2026-04-04 19:48:14","2026-04-04 19:48:14"
f_55e05c7f,sprachschule-duisburg,learning-materials,m7v8yiwsq,uyshv0srx,material,"Module B1 Testbuch.pdf",application/pdf,91123609,/uploads/1775332149549-dcdfa7376bfda69e948febb4.pdf,0,0,,"2026-04-04 19:49:10","2026-04-04 19:49:10"
f_a9928fe3,sprachschule-duisburg,learning-materials,m7v8yiwsq,uyshv0srx,material,"Module-b1-loÌsungen-und-transkriptionen.pdf",application/pdf,23454680,/uploads/1775332149740-2be30b98013fbba233ddbb62.pdf,0,0,,"2026-04-04 19:49:10","2026-04-04 19:49:10"
f_2f5d5bcc,sprachschule-duisburg,learning-materials,m7v8yiwsq,uyshv0srx,material,Netwerk-Neu-B1-Ubungsbuch.pdf,application/pdf,45545130,/uploads/1775332149786-94d7ffd0206693386e692d1a.pdf,0,0,,"2026-04-04 19:49:10","2026-04-04 19:49:10"
f_da587507,sprachschule-duisburg,learning-materials,m7v8yiwsq,uyshv0srx,material,"Projekt B1 neu Lehrerbuch (mit LoÌsungen).pdf",application/pdf,53018958,/uploads/1775332149865-65b997adb507a34894f77369.pdf,0,0,,"2026-04-04 19:49:10","2026-04-04 19:49:10"
f_4452b1ff,sprachschule-duisburg,learning-materials,m7v8yiwsq,uyshv0srx,material,"Projekt B1 Neu Schulerheft.pdf",application/pdf,32455177,/uploads/1775332150039-346253f77867110251976785.pdf,0,0,,"2026-04-04 19:49:10","2026-04-04 19:49:10"
f_4b105693,sprachschule-duisburg,learning-materials,m7v8yiwsq,uyshv0srx,material,"Projekt B1 neu.pdf",application/pdf,30767032,/uploads/1775332150114-6e7df3859fa29d1f32663104.pdf,0,0,,"2026-04-04 19:49:10","2026-04-04 19:49:10"
f_4886817,sprachschule-duisburg,learning-materials,m7v8yiwsq,uyshv0srx,material,"PruÌfungstraining B1 Transkripte und LoÌsungen.pdf",application/pdf,2348932,/uploads/1775332150162-6bef47e7fe05dc9e307c095b.pdf,0,0,,"2026-04-04 19:49:10","2026-04-04 19:49:10"
f_ea58c95d,sprachschule-duisburg,learning-materials,m7v8yiwsq,uyshv0srx,material,"PruÌfungstraining Goethe- OÌSD-Zertifikat B1 - 2024.pdf",application/pdf,65391694,/uploads/1775332150176-de82bbac1a8028c8cb8a7d32.pdf,0,0,,"2026-04-04 19:49:10","2026-04-04 19:49:10"
f_9fd82401,sprachschule-duisburg,learning-materials,m7v8yiwsq,uyshv0srx,material,"Prufungstraining-B1 HoÌrtexte LoÌsungen.pdf",application/pdf,8351643,/uploads/1775332150278-b19146a66ea9f3cc530236d3.pdf,0,0,,"2026-04-04 19:49:10","2026-04-04 19:49:10"
f_6612a899,sprachschule-duisburg,learning-materials,m7v8yiwsq,uyshv0srx,material,"So geht_s noch besser zu B1 - HoÌren.pdf",application/pdf,22549120,/uploads/1775332150298-11884694094da870fcb3065d.pdf,0,0,,"2026-04-04 19:49:10","2026-04-04 19:49:10"
f_f461b04b,sprachschule-duisburg,learning-materials,m7v8yiwsq,uyshv0srx,material,"So geht_s noch besser zu B1 HoÌren LoÌsungen.pdf",application/pdf,1052510,/uploads/1775332150339-b4952ff590ed70f4c93d0842.pdf,0,0,,"2026-04-04 19:49:11","2026-04-04 19:49:11"
f_aa4663fd,sprachschule-duisburg,learning-materials,m7v8yiwsq,uyshv0srx,material,"So geht_s zu Lesen B1 LoÌsungen.pdf",application/pdf,670200,/uploads/1775332150348-b2176994989bd9f0b1d314d8.pdf,0,0,,"2026-04-04 19:49:11","2026-04-04 19:49:11"
f_bd6ed682,sprachschule-duisburg,learning-materials,m7v8yiwsq,uyshv0srx,material,"So gehts zu B1 Lesen.pdf",application/pdf,43189587,/uploads/1775332150358-4b96bed1b30707a028bacae9.pdf,0,0,,"2026-04-04 19:49:11","2026-04-04 19:49:11"
f_66688ac1,sprachschule-duisburg,learning-materials,m7v8yiwsq,uyshv0srx,material,"so-gehts-noch-besser-zum-goethe-sd-zertifikat-b1-lehrerheft LoÌsungen.pdf",application/pdf,1512887,/uploads/1775332150428-d53f0c12b01c8c5a2d00192e.pdf,0,0,,"2026-04-04 19:49:11","2026-04-04 19:49:11"
f_da871dd9,sprachschule-duisburg,learning-materials,m7v8yiwsq,uyshv0srx,material,so-gehts-noch-besser-zum-goethe-sd-zertifikat-b1-testbuch.pdf,application/pdf,8530048,/uploads/1775332150438-72b88c7f4b37d76c70402adb.pdf,0,0,,"2026-04-04 19:49:11","2026-04-04 19:49:11"
f_f88c5ccb,sprachschule-duisburg,learning-materials,m7v8yiwsq,uyshv0srx,material,Telc_deutsch_B1_zd_uebungstest_1.pdf,application/pdf,1979492,/uploads/1775332150455-42b49f8a4ec3bd5d24cf83e6.pdf,0,0,,"2026-04-04 19:49:11","2026-04-04 19:49:11"
f_32c39d83,sprachschule-duisburg,learning-materials,m7v8yiwsq,uyshv0srx,material,"Werkstatt B1 Lehrbuch.pdf",application/pdf,35580808,/uploads/1775332150466-834c4b7fb05bd619eba6ae48.pdf,0,0,,"2026-04-04 19:49:11","2026-04-04 19:49:11"
f_9a6ead64,sprachschule-duisburg,learning-materials,m7v8yiwsq,uyshv0srx,material,Werkstatt_B1_Arbeitsbuch.pdf,application/pdf,34270814,/uploads/1775332150523-09ad75c39b15e5ace1dd7440.pdf,0,0,,"2026-04-04 19:49:11","2026-04-04 19:49:11"
f_a020d684,sprachschule-duisburg,learning-materials,m7v8yiwsq,uyshv0srx,material,Werkstatt_B1_Lehrerhandreichungen.pdf,application/pdf,25816971,/uploads/1775332150577-d2611b5e88f885a52038b6b8.pdf,0,0,,"2026-04-04 19:49:11","2026-04-04 19:49:11"
f_776a9f5b,sprachschule-duisburg,learning-materials,m7v8yiwsq,uyshv0srx,material,Zertifikat_B1_neu_15_U_776_bungspru_776_fungen_hueber-ocr.pdf,application/pdf,79204884,/uploads/1775332150629-af723abfd885714a672ff7fa.pdf,0,0,,"2026-04-04 19:49:11","2026-04-04 19:49:11"
f_3dc3c4ce,sprachschule-duisburg,a1-morning-homework,homework-item:hwisstfxuue,uyshv0srx,homework,WS2025_Inno_BMI.pdf,application/pdf,2524212,/uploads/1776156479567-2d4fdf231cffa6d27fc2f146.pdf,0,0,,"2026-04-14 08:48:02","2026-04-14 08:48:02"
f_fcbb6235,sprachschule-duisburg,a1-morning-homework,homework-item:hwiw2axcn3p,uyshv0srx,homework,WS2025_Inno_session2before.pdf,application/pdf,1545200,/uploads/1776156531504-0431dc8117570953fb5e1ecb.pdf,0,0,,"2026-04-14 08:48:53","2026-04-14 08:48:53"
f_a33eaf95,sprachschule-duisburg,a1-morning-homework,homework-item:hwiqfjyzwqs,uyshv0srx,homework,WS2025_Inno.pdf,application/pdf,1354429,/uploads/1776156569715-963dccef15dbc3fd558fb4d5.pdf,0,0,,"2026-04-14 08:49:31","2026-04-14 08:49:31"
f_196d9cdf,sprachschule-duisburg,a1-morning-homework,homework-item:hwisstfxuue,uyshv0srx,homework_solution,WS2025_Inno1after.pdf,application/pdf,1696086,/uploads/1776156595600-0c0c956e8f97d08564c44743.pdf,0,0,,"2026-04-14 08:49:57","2026-04-14 08:49:57"
f_1da87c6e,sprachschule-duisburg,a1-morning-homework,homework-item:hwip2ayj8wd,uyshv0srx,homework,"WS25_Innovation Management assignments 1,3,4 (1).pdf",application/pdf,168520,/uploads/1776162034573-cb49f2b55273a68e13cf3c22.pdf,0,0,,"2026-04-14 10:20:37","2026-04-14 10:20:37"
f_2d16db42,sprachschule-duisburg,private-homework,homework-item:hwiynyi22i2,uyshv0srx,homework,combinepdf.pdf,application/pdf,11240489,/uploads/1776176276992-da069ef41d5cf76498ad4ab3.pdf,0,0,,"2026-04-14 14:17:58","2026-04-14 14:17:58"
f_a65bf33,sprachschule-duisburg,a1-morning-homework,mb71ppq3r,uyshv0srx,homework,1775333208697-90ca2f665f287e9bf4e67685.pdf,application/pdf,1096135,/uploads/1776198503035-5869479dc4b1df8d837e53d8.pdf,0,0,,"2026-04-14 20:28:46","2026-04-14 20:28:46"
f_fdbfe8ff,sprachschule-duisburg,a1-morning-homework,mkmgqhha7,uyshv0srx,homework,"Screenshot 2026-04-14 at 21.58.53.png",image/png,203367,/uploads/1776198894493-52ed22feb58a245e39c5da1a.png,0,0,,"2026-04-14 20:35:09","2026-04-14 20:35:09"
f_6e6e35b7,sprachschule-duisburg,a1-morning-homework,mhdrm04io,uyshv0srx,homework,Solution_Task1.pdf,application/pdf,84486,/uploads/1776199064016-806e8450638962ab3260c70b.pdf,0,0,,"2026-04-14 20:38:00","2026-04-14 20:38:00"
f_b2ae2094,sprachschule-duisburg,a1-morning-homework,mfdfvjqej,uyshv0srx,homework,"INNOVATION MANAGEMENT -Assignment..pdf",application/pdf,227112,/uploads/1776199170737-a43ecfee5c757154d8516cc3.pdf,0,0,,"2026-04-14 20:39:33","2026-04-14 20:39:33"
f_832594fc,sprachschule-duisburg,a1-morning-homework,mnpqphjts,uyshv0srx,homework,Lebenslauf_Adny.pdf,application/pdf,609069,/uploads/1776199510412-fda3f17512a9ac25016cba1e.pdf,0,0,,"2026-04-14 20:45:13","2026-04-14 20:45:13"
